experiment_id,source_file,benchmark,endpoint,family,task,representation,metric,score,n_samples,n_classes,n_features,n_folds,model,split_strategy,tuning,balanced_accuracy_at_0p5,balanced_accuracy_argmax,accuracy,macro_f1,delta_vs_standard,delta_vs_previous_uga_mean,n_samples_available,construction,source,kernel_sigma,n_encoded_channels,n_landmarks,feature_prefix,channel,uga_encoded,used_as_landmark,n_endpoints,mean_delta_vs_standard,median_delta_vs_standard,wins_vs_standard,mean_delta_vs_previous_uga_mean,median_delta_vs_previous_uga_mean,wins_vs_previous_uga_mean
uga_kme,data\endpoint_results.csv,kucab_damage_class,damage_class,kucab,multiclass_grouped,previous_uga_mean_unified,macro_auroc,0.6760409991031784,259.0,8.0,143.0,5.0,"LogisticRegression(L2,C=1.0,class_weight=balanced)",5-fold StratifiedGroupKFold grouped by agent_core,none,,0.3526036474291204,0.3822393822393822,0.3502264366633169,0.0212224856789708,0.0,,,,,,,,,,,,,,,,,
uga_kme,data\endpoint_results.csv,kucab_damage_class,damage_class,kucab,multiclass_grouped,standard_sbs96_dbs78_id83,macro_auroc,0.6548185134242075,259.0,8.0,257.0,5.0,"LogisticRegression(L2,C=1.0,class_weight=balanced)",5-fold StratifiedGroupKFold grouped by agent_core,none,,0.2880224936367904,0.3590733590733591,0.291841496253404,0.0,-0.0212224856789708,,,,,,,,,,,,,,,,,
uga_kme,data\endpoint_results.csv,kucab_damage_class,damage_class,kucab,multiclass_grouped,uga_rbf_kernel_mean,macro_auroc,0.6284397406320446,259.0,8.0,257.0,5.0,"LogisticRegression(L2,C=1.0,class_weight=balanced)",5-fold StratifiedGroupKFold grouped by agent_core,none,,0.3020060832879579,0.3397683397683397,0.2947285036420057,-0.0263787727921629,-0.0476012584711338,,,,,,,,,,,,,,,,,
uga_kme,data\endpoint_results.csv,mc3_hrd_kmt2c,HRD_LOH,hrd,regression,previous_uga_mean_pooled,spearman,0.4760308798375217,772.0,,73.0,5.0,"ElasticNet(alpha=0.01, l1_ratio=0.5, max_iter=5000, random_state=0)",5-fold KFold,none,,,,,0.0636339364209178,0.0,,,,,,,,,,,,,,,,,
uga_kme,data\endpoint_results.csv,mc3_hrd_kmt2c,HRD_LOH,hrd,regression,standard_sbs96_id83,spearman,0.4123969434166038,772.0,,182.0,5.0,"ElasticNet(alpha=0.01, l1_ratio=0.5, max_iter=5000, random_state=0)",5-fold KFold,none,,,,,0.0,-0.0636339364209178,,,,,,,,,,,,,,,,,
uga_kme,data\endpoint_results.csv,mc3_hrd_kmt2c,HRD_LOH,hrd,regression,uga_rbf_kernel_mean,spearman,0.4801420275242805,772.0,,182.0,5.0,"ElasticNet(alpha=0.01, l1_ratio=0.5, max_iter=5000, random_state=0)",5-fold KFold,none,,,,,0.0677450841076766,0.0041111476867587,,,,,,,,,,,,,,,,,
uga_kme,data\endpoint_results.csv,mc3_hrd_kmt2c,HRD_LST,hrd,regression,previous_uga_mean_pooled,spearman,0.553649479584001,772.0,,73.0,5.0,"ElasticNet(alpha=0.01, l1_ratio=0.5, max_iter=5000, random_state=0)",5-fold KFold,none,,,,,0.0423891382496861,0.0,,,,,,,,,,,,,,,,,
uga_kme,data\endpoint_results.csv,mc3_hrd_kmt2c,HRD_LST,hrd,regression,standard_sbs96_id83,spearman,0.5112603413343149,772.0,,182.0,5.0,"ElasticNet(alpha=0.01, l1_ratio=0.5, max_iter=5000, random_state=0)",5-fold KFold,none,,,,,0.0,-0.0423891382496861,,,,,,,,,,,,,,,,,
uga_kme,data\endpoint_results.csv,mc3_hrd_kmt2c,HRD_LST,hrd,regression,uga_rbf_kernel_mean,spearman,0.5608351402064652,772.0,,182.0,5.0,"ElasticNet(alpha=0.01, l1_ratio=0.5, max_iter=5000, random_state=0)",5-fold KFold,none,,,,,0.0495747988721503,0.0071856606224641,,,,,,,,,,,,,,,,,
uga_kme,data\endpoint_results.csv,mc3_hrd_kmt2c,HRD_Score,hrd,regression,previous_uga_mean_pooled,spearman,0.5670007745112181,772.0,,73.0,5.0,"ElasticNet(alpha=0.01, l1_ratio=0.5, max_iter=5000, random_state=0)",5-fold KFold,none,,,,,0.0638984061618319,0.0,,,,,,,,,,,,,,,,,
uga_kme,data\endpoint_results.csv,mc3_hrd_kmt2c,HRD_Score,hrd,regression,standard_sbs96_id83,spearman,0.5031023683493862,772.0,,182.0,5.0,"ElasticNet(alpha=0.01, l1_ratio=0.5, max_iter=5000, random_state=0)",5-fold KFold,none,,,,,0.0,-0.0638984061618319,,,,,,,,,,,,,,,,,
uga_kme,data\endpoint_results.csv,mc3_hrd_kmt2c,HRD_Score,hrd,regression,uga_rbf_kernel_mean,spearman,0.5779535075493678,772.0,,182.0,5.0,"ElasticNet(alpha=0.01, l1_ratio=0.5, max_iter=5000, random_state=0)",5-fold KFold,none,,,,,0.0748511391999816,0.0109527330381496,,,,,,,,,,,,,,,,,
uga_kme,data\endpoint_results.csv,mc3_hrd_kmt2c,HRD_TAI,hrd,regression,previous_uga_mean_pooled,spearman,0.5556695282168657,772.0,,73.0,5.0,"ElasticNet(alpha=0.01, l1_ratio=0.5, max_iter=5000, random_state=0)",5-fold KFold,none,,,,,0.0652483056466743,0.0,,,,,,,,,,,,,,,,,
uga_kme,data\endpoint_results.csv,mc3_hrd_kmt2c,HRD_TAI,hrd,regression,standard_sbs96_id83,spearman,0.4904212225701913,772.0,,182.0,5.0,"ElasticNet(alpha=0.01, l1_ratio=0.5, max_iter=5000, random_state=0)",5-fold KFold,none,,,,,0.0,-0.0652483056466743,,,,,,,,,,,,,,,,,
uga_kme,data\endpoint_results.csv,mc3_hrd_kmt2c,HRD_TAI,hrd,regression,uga_rbf_kernel_mean,spearman,0.5595295857986106,772.0,,182.0,5.0,"ElasticNet(alpha=0.01, l1_ratio=0.5, max_iter=5000, random_state=0)",5-fold KFold,none,,,,,0.0691083632284192,0.0038600575817449,,,,,,,,,,,,,,,,,
uga_kme,data\endpoint_results.csv,mc3_hrd_kmt2c,PARPi7,hrd,regression,previous_uga_mean_pooled,spearman,0.2126527889563119,772.0,,73.0,5.0,"ElasticNet(alpha=0.01, l1_ratio=0.5, max_iter=5000, random_state=0)",5-fold KFold,none,,,,,0.0434579803295022,0.0,,,,,,,,,,,,,,,,,
uga_kme,data\endpoint_results.csv,mc3_hrd_kmt2c,PARPi7,hrd,regression,standard_sbs96_id83,spearman,0.1691948086268097,772.0,,182.0,5.0,"ElasticNet(alpha=0.01, l1_ratio=0.5, max_iter=5000, random_state=0)",5-fold KFold,none,,,,,0.0,-0.0434579803295022,,,,,,,,,,,,,,,,,
uga_kme,data\endpoint_results.csv,mc3_hrd_kmt2c,PARPi7,hrd,regression,uga_rbf_kernel_mean,spearman,0.197788685068537,772.0,,182.0,5.0,"ElasticNet(alpha=0.01, l1_ratio=0.5, max_iter=5000, random_state=0)",5-fold KFold,none,,,,,0.0285938764417273,-0.0148641038877748,,,,,,,,,,,,,,,,,
uga_kme,data\endpoint_results.csv,mc3_hrd_kmt2c,cancer_type_top10,mc3_clinical,multiclass,previous_uga_mean_pooled,macro_auroc,0.8946340649627154,5462.0,10.0,73.0,5.0,"LogisticRegression(L2,C=1.0,class_weight=balanced)",5-fold StratifiedKFold,none,,0.5484042151566879,,,-0.016771538005992,0.0,,,,,,,,,,,,,,,,,
uga_kme,data\endpoint_results.csv,mc3_hrd_kmt2c,cancer_type_top10,mc3_clinical,multiclass,standard_sbs96_id83,macro_auroc,0.9114056029687074,5462.0,10.0,182.0,5.0,"LogisticRegression(L2,C=1.0,class_weight=balanced)",5-fold StratifiedKFold,none,,0.6043321858146348,,,0.0,0.016771538005992,,,,,,,,,,,,,,,,,
uga_kme,data\endpoint_results.csv,mc3_hrd_kmt2c,cancer_type_top10,mc3_clinical,multiclass,uga_rbf_kernel_mean,macro_auroc,0.8902173252024399,5462.0,10.0,182.0,5.0,"LogisticRegression(L2,C=1.0,class_weight=balanced)",5-fold StratifiedKFold,none,,0.5409452408954788,,,-0.0211882777662675,-0.0044167397602754,,,,,,,,,,,,,,,,,
uga_kme,data\endpoint_results.csv,mc3_hrd_kmt2c,eCARD,hrd,regression,previous_uga_mean_pooled,spearman,0.2993243481940515,772.0,,73.0,5.0,"ElasticNet(alpha=0.01, l1_ratio=0.5, max_iter=5000, random_state=0)",5-fold KFold,none,,,,,0.0403203770862949,0.0,,,,,,,,,,,,,,,,,
uga_kme,data\endpoint_results.csv,mc3_hrd_kmt2c,eCARD,hrd,regression,standard_sbs96_id83,spearman,0.2590039711077565,772.0,,182.0,5.0,"ElasticNet(alpha=0.01, l1_ratio=0.5, max_iter=5000, random_state=0)",5-fold KFold,none,,,,,0.0,-0.0403203770862949,,,,,,,,,,,,,,,,,
uga_kme,data\endpoint_results.csv,mc3_hrd_kmt2c,eCARD,hrd,regression,uga_rbf_kernel_mean,spearman,0.3086410510305566,772.0,,182.0,5.0,"ElasticNet(alpha=0.01, l1_ratio=0.5, max_iter=5000, random_state=0)",5-fold KFold,none,,,,,0.0496370799228,0.009316702836505,,,,,,,,,,,,,,,,,
uga_kme,data\endpoint_results.csv,mc3_hrd_kmt2c,high_purity,mc3_clinical,binary,previous_uga_mean_pooled,auroc,0.6137116901619553,9591.0,2.0,73.0,5.0,"LogisticRegression(L2,C=1.0,class_weight=balanced)",5-fold StratifiedKFold,none,0.584049426616488,,,,-0.0045754028742376,0.0,,,,,,,,,,,,,,,,,
uga_kme,data\endpoint_results.csv,mc3_hrd_kmt2c,high_purity,mc3_clinical,binary,standard_sbs96_id83,auroc,0.6182870930361929,9591.0,2.0,182.0,5.0,"LogisticRegression(L2,C=1.0,class_weight=balanced)",5-fold StratifiedKFold,none,0.5862594903889791,,,,0.0,0.0045754028742376,,,,,,,,,,,,,,,,,
uga_kme,data\endpoint_results.csv,mc3_hrd_kmt2c,high_purity,mc3_clinical,binary,uga_rbf_kernel_mean,auroc,0.6111632610046062,9591.0,2.0,182.0,5.0,"LogisticRegression(L2,C=1.0,class_weight=balanced)",5-fold StratifiedKFold,none,0.5825893818293417,,,,-0.0071238320315867,-0.002548429157349,,,,,,,,,,,,,,,,,
uga_kme,data\endpoint_results.csv,mc3_hrd_kmt2c,high_stage,mc3_clinical,binary,previous_uga_mean_pooled,auroc,0.6003366071864261,6404.0,2.0,73.0,5.0,"LogisticRegression(L2,C=1.0,class_weight=balanced)",5-fold StratifiedKFold,none,0.5847379355112987,,,,0.0036481385316697,0.0,,,,,,,,,,,,,,,,,
uga_kme,data\endpoint_results.csv,mc3_hrd_kmt2c,high_stage,mc3_clinical,binary,standard_sbs96_id83,auroc,0.5966884686547563,6404.0,2.0,182.0,5.0,"LogisticRegression(L2,C=1.0,class_weight=balanced)",5-fold StratifiedKFold,none,0.5767046539335399,,,,0.0,-0.0036481385316697,,,,,,,,,,,,,,,,,
uga_kme,data\endpoint_results.csv,mc3_hrd_kmt2c,high_stage,mc3_clinical,binary,uga_rbf_kernel_mean,auroc,0.6014275216120188,6404.0,2.0,182.0,5.0,"LogisticRegression(L2,C=1.0,class_weight=balanced)",5-fold StratifiedKFold,none,0.5884855413000849,,,,0.0047390529572625,0.0010909144255927,,,,,,,,,,,,,,,,,
uga_kme,data\endpoint_results.csv,mc3_hrd_kmt2c,hrd_binary_24,hrd,binary,previous_uga_mean_pooled,auroc,0.7934986173744312,772.0,2.0,73.0,5.0,"LogisticRegression(L2,C=1.0,class_weight=balanced)",5-fold StratifiedKFold,none,0.7311182026543707,,,,0.0382064405335785,0.0,,,,,,,,,,,,,,,,,
uga_kme,data\endpoint_results.csv,mc3_hrd_kmt2c,hrd_binary_24,hrd,binary,standard_sbs96_id83,auroc,0.7552921768408526,772.0,2.0,182.0,5.0,"LogisticRegression(L2,C=1.0,class_weight=balanced)",5-fold StratifiedKFold,none,0.6848898294198381,,,,0.0,-0.0382064405335785,,,,,,,,,,,,,,,,,
uga_kme,data\endpoint_results.csv,mc3_hrd_kmt2c,hrd_binary_24,hrd,binary,uga_rbf_kernel_mean,auroc,0.7953916988377832,772.0,2.0,182.0,5.0,"LogisticRegression(L2,C=1.0,class_weight=balanced)",5-fold StratifiedKFold,none,0.7300026367920383,,,,0.0400995219969305,0.0018930814633519,,,,,,,,,,,,,,,,,
uga_kme,data\endpoint_results.csv,mc3_hrd_kmt2c,hrd_binary_33,hrd,binary,previous_uga_mean_pooled,auroc,0.8380278333809932,772.0,2.0,73.0,5.0,"LogisticRegression(L2,C=1.0,class_weight=balanced)",5-fold StratifiedKFold,none,0.775140596701935,,,,0.0897991929590441,0.0,,,,,,,,,,,,,,,,,
uga_kme,data\endpoint_results.csv,mc3_hrd_kmt2c,hrd_binary_33,hrd,binary,standard_sbs96_id83,auroc,0.748228640421949,772.0,2.0,182.0,5.0,"LogisticRegression(L2,C=1.0,class_weight=balanced)",5-fold StratifiedKFold,none,0.6992263209735329,,,,0.0,-0.0897991929590441,,,,,,,,,,,,,,,,,
uga_kme,data\endpoint_results.csv,mc3_hrd_kmt2c,hrd_binary_33,hrd,binary,uga_rbf_kernel_mean,auroc,0.8400851523528103,772.0,2.0,182.0,5.0,"LogisticRegression(L2,C=1.0,class_weight=balanced)",5-fold StratifiedKFold,none,0.7739332125949226,,,,0.0918565119308613,0.0020573189718171,,,,,,,,,,,,,,,,,
uga_kme,data\endpoint_results.csv,mc3_hrd_kmt2c,hrd_binary_42,hrd,binary,previous_uga_mean_pooled,auroc,0.880192926045016,772.0,2.0,73.0,5.0,"LogisticRegression(L2,C=1.0,class_weight=balanced)",5-fold StratifiedKFold,none,0.8006538049303322,,,,0.0527867095391211,0.0,,,,,,,,,,,,,,,,,
uga_kme,data\endpoint_results.csv,mc3_hrd_kmt2c,hrd_binary_42,hrd,binary,standard_sbs96_id83,auroc,0.8274062165058949,772.0,2.0,182.0,5.0,"LogisticRegression(L2,C=1.0,class_weight=balanced)",5-fold StratifiedKFold,none,0.7594962486602358,,,,0.0,-0.0527867095391211,,,,,,,,,,,,,,,,,
uga_kme,data\endpoint_results.csv,mc3_hrd_kmt2c,hrd_binary_42,hrd,binary,uga_rbf_kernel_mean,auroc,0.8808788853161843,772.0,2.0,182.0,5.0,"LogisticRegression(L2,C=1.0,class_weight=balanced)",5-fold StratifiedKFold,none,0.8047909967845659,,,,0.0534726688102894,0.0006859592711683,,,,,,,,,,,,,,,,,
uga_kme,data\endpoint_results.csv,mc3_hrd_kmt2c,luad_kmt2c_mutated,mc3_kmt2c_supportive,binary,previous_uga_mean_pooled,auroc,0.7456356609808102,515.0,2.0,73.0,5.0,"LogisticRegression(L2,C=1.0,class_weight=balanced)",5-fold StratifiedKFold,none,0.701192697228145,,,,0.0851212686567165,0.0,,,,,,,,,,,,,,,,,
uga_kme,data\endpoint_results.csv,mc3_hrd_kmt2c,luad_kmt2c_mutated,mc3_kmt2c_supportive,binary,standard_sbs96_id83,auroc,0.6605143923240937,515.0,2.0,182.0,5.0,"LogisticRegression(L2,C=1.0,class_weight=balanced)",5-fold StratifiedKFold,none,0.5578025053304905,,,,0.0,-0.0851212686567165,,,,,,,,,,,,,,,,,
uga_kme,data\endpoint_results.csv,mc3_hrd_kmt2c,luad_kmt2c_mutated,mc3_kmt2c_supportive,binary,uga_rbf_kernel_mean,auroc,0.7516657782515992,515.0,2.0,182.0,5.0,"LogisticRegression(L2,C=1.0,class_weight=balanced)",5-fold StratifiedKFold,none,0.7138859275053304,,,,0.0911513859275054,0.0060301172707889,,,,,,,,,,,,,,,,,
uga_kme,data\endpoint_results.csv,mc3_hrd_kmt2c,os_event,mc3_clinical,binary,previous_uga_mean_pooled,auroc,0.6108911455234962,10139.0,2.0,73.0,5.0,"LogisticRegression(L2,C=1.0,class_weight=balanced)",5-fold StratifiedKFold,none,0.5852210133529931,,,,-0.004442050889885,0.0,,,,,,,,,,,,,,,,,
uga_kme,data\endpoint_results.csv,mc3_hrd_kmt2c,os_event,mc3_clinical,binary,standard_sbs96_id83,auroc,0.6153331964133812,10139.0,2.0,182.0,5.0,"LogisticRegression(L2,C=1.0,class_weight=balanced)",5-fold StratifiedKFold,none,0.5900962903914622,,,,0.0,0.004442050889885,,,,,,,,,,,,,,,,,
uga_kme,data\endpoint_results.csv,mc3_hrd_kmt2c,os_event,mc3_clinical,binary,uga_rbf_kernel_mean,auroc,0.6146246723035914,10139.0,2.0,182.0,5.0,"LogisticRegression(L2,C=1.0,class_weight=balanced)",5-fold StratifiedKFold,none,0.584849918754925,,,,-0.0007085241097898,0.0037335267800951,,,,,,,,,,,,,,,,,
uga_kme,data\endpoint_results.csv,mc3_hrd_kmt2c,parpi7_binary,hrd,binary,previous_uga_mean_pooled,auroc,0.6367088417608477,772.0,2.0,73.0,5.0,"LogisticRegression(L2,C=1.0,class_weight=balanced)",5-fold StratifiedKFold,none,0.6088297537034536,,,,0.0692962312575983,0.0,,,,,,,,,,,,,,,,,
uga_kme,data\endpoint_results.csv,mc3_hrd_kmt2c,parpi7_binary,hrd,binary,standard_sbs96_id83,auroc,0.5674126105032494,772.0,2.0,182.0,5.0,"LogisticRegression(L2,C=1.0,class_weight=balanced)",5-fold StratifiedKFold,none,0.5411094601287766,,,,0.0,-0.0692962312575983,,,,,,,,,,,,,,,,,
uga_kme,data\endpoint_results.csv,mc3_hrd_kmt2c,parpi7_binary,hrd,binary,uga_rbf_kernel_mean,auroc,0.651822834586579,772.0,2.0,182.0,5.0,"LogisticRegression(L2,C=1.0,class_weight=balanced)",5-fold StratifiedKFold,none,0.6306677473096493,,,,0.0844102240833295,0.0151139928257312,,,,,,,,,,,,,,,,,
uga_kme,data\endpoint_results.csv,mc3_hrd_kmt2c,smoking_ever,mc3_clinical,binary,previous_uga_mean_pooled,auroc,0.7586060648900828,2798.0,2.0,73.0,5.0,"LogisticRegression(L2,C=1.0,class_weight=balanced)",5-fold StratifiedKFold,none,0.6969325301833962,,,,0.0255464342549943,0.0,,,,,,,,,,,,,,,,,
uga_kme,data\endpoint_results.csv,mc3_hrd_kmt2c,smoking_ever,mc3_clinical,binary,standard_sbs96_id83,auroc,0.7330596306350884,2798.0,2.0,182.0,5.0,"LogisticRegression(L2,C=1.0,class_weight=balanced)",5-fold StratifiedKFold,none,0.6649010995868987,,,,0.0,-0.0255464342549943,,,,,,,,,,,,,,,,,
uga_kme,data\endpoint_results.csv,mc3_hrd_kmt2c,smoking_ever,mc3_clinical,binary,uga_rbf_kernel_mean,auroc,0.7591403519162054,2798.0,2.0,182.0,5.0,"LogisticRegression(L2,C=1.0,class_weight=balanced)",5-fold StratifiedKFold,none,0.7023279376075022,,,,0.026080721281117,0.0005342870261226,,,,,,,,,,,,,,,,,
uga_kme,data\feature_manifest.csv,mc3_hrd_kmt2c,,,,standard_sbs96_id83,,,,,182.0,,,,,,,,,,,10224.0,Retained SBS96+ID83 channel fractions with retained burden covariates.,${BUNDLE_ROOT}/results/work/cgr_validation\cgr_validation_results\research\experiments\supporting\2026_05_14_unified_uga_locked_manuscript_benchmark\data\mc3_source\features\features_standard_sbs96_id83.csv.gz,,,,,,,,,,,,,,
uga_kme,data\feature_manifest.csv,mc3_hrd_kmt2c,,,,previous_uga_mean_pooled,,,,,73.0,,,,,,,,,,,10224.0,Locked pooled UGA mean vector from SBS96 and ID83 channel distributions plus retained burden covariates.,build_uga_basis + project_counts_to_uga using master_spec_sbs_dbs_d10_dp5 and id83_payload_only_d10_dp5,,,,,,,,,,,,,,
uga_kme,data\feature_manifest.csv,mc3_hrd_kmt2c,,,,uga_rbf_kernel_mean,,,,,182.0,,,,,,,,,,,10224.0,Empirical kernel mean embedding: normalized SBS96+ID83 patient distribution multiplied by an RBF kernel over locked UGA channel coordinates; all valid channels are landmarks.,features_standard_sbs96.csv.gz + features_standard_id83.csv.gz + locked UGA basis,3.63684027938166,179.0,179.0,,,,,,,,,,,
uga_kme,data\feature_manifest.csv,kucab_damage_class,,,,standard_sbs96_dbs78_id83,,,,,257.0,,,,,,,,,,,259.0,Original-data normalized SBS96+DBS78+ID83 channel distribution.,${BUNDLE_ROOT}/results/work/cgr_validation\cgr_validation_results\research\experiments\supporting\2026_05_14_unified_uga_locked_manuscript_benchmark\data\raw,,,,,,,,,,,,,,
uga_kme,data\feature_manifest.csv,kucab_damage_class,,,,previous_uga_mean_unified,,,,,143.0,,,,,,,,,,,259.0,Locked unified UGA mean-vector representation for SBS/DBS and ID83 channels with mutation-type fractions.,run_locked_kucab_low_burden_benchmark.py::uga_features,,,,,,,,,,,,,,
uga_kme,data\feature_manifest.csv,kucab_damage_class,,,,uga_rbf_kernel_mean,,,,,257.0,,,,,,,,,,,259.0,Empirical kernel mean embedding over locked UGA coordinates for the original SBS96+DBS78+ID83 Kucab distribution; all valid channels are landmarks.,Kucab raw SBS/DBS/ID counts + locked UGA basis,3.532097118736671,257.0,257.0,,,,,,,,,,,
uga_kme,data\kernel_basis_diagnostics.csv,mc3_hrd_kmt2c,,,,,,,,,,,,,,,,,,,,,,,,,,uga_rbf_kme,SBS96:A[C>A]A,True,True,,,,,,,
uga_kme,data\kernel_basis_diagnostics.csv,mc3_hrd_kmt2c,,,,,,,,,,,,,,,,,,,,,,,,,,uga_rbf_kme,SBS96:A[C>A]C,True,True,,,,,,,
uga_kme,data\kernel_basis_diagnostics.csv,mc3_hrd_kmt2c,,,,,,,,,,,,,,,,,,,,,,,,,,uga_rbf_kme,SBS96:A[C>A]G,True,True,,,,,,,
uga_kme,data\kernel_basis_diagnostics.csv,mc3_hrd_kmt2c,,,,,,,,,,,,,,,,,,,,,,,,,,uga_rbf_kme,SBS96:A[C>A]T,True,True,,,,,,,
uga_kme,data\kernel_basis_diagnostics.csv,mc3_hrd_kmt2c,,,,,,,,,,,,,,,,,,,,,,,,,,uga_rbf_kme,SBS96:A[C>G]A,True,True,,,,,,,
uga_kme,data\kernel_basis_diagnostics.csv,mc3_hrd_kmt2c,,,,,,,,,,,,,,,,,,,,,,,,,,uga_rbf_kme,SBS96:A[C>G]C,True,True,,,,,,,
uga_kme,data\kernel_basis_diagnostics.csv,mc3_hrd_kmt2c,,,,,,,,,,,,,,,,,,,,,,,,,,uga_rbf_kme,SBS96:A[C>G]G,True,True,,,,,,,
uga_kme,data\kernel_basis_diagnostics.csv,mc3_hrd_kmt2c,,,,,,,,,,,,,,,,,,,,,,,,,,uga_rbf_kme,SBS96:A[C>G]T,True,True,,,,,,,
uga_kme,data\kernel_basis_diagnostics.csv,mc3_hrd_kmt2c,,,,,,,,,,,,,,,,,,,,,,,,,,uga_rbf_kme,SBS96:A[C>T]A,True,True,,,,,,,
uga_kme,data\kernel_basis_diagnostics.csv,mc3_hrd_kmt2c,,,,,,,,,,,,,,,,,,,,,,,,,,uga_rbf_kme,SBS96:A[C>T]C,True,True,,,,,,,
uga_kme,data\kernel_basis_diagnostics.csv,mc3_hrd_kmt2c,,,,,,,,,,,,,,,,,,,,,,,,,,uga_rbf_kme,SBS96:A[C>T]G,True,True,,,,,,,
uga_kme,data\kernel_basis_diagnostics.csv,mc3_hrd_kmt2c,,,,,,,,,,,,,,,,,,,,,,,,,,uga_rbf_kme,SBS96:A[C>T]T,True,True,,,,,,,
uga_kme,data\kernel_basis_diagnostics.csv,mc3_hrd_kmt2c,,,,,,,,,,,,,,,,,,,,,,,,,,uga_rbf_kme,SBS96:A[T>A]A,True,True,,,,,,,
uga_kme,data\kernel_basis_diagnostics.csv,mc3_hrd_kmt2c,,,,,,,,,,,,,,,,,,,,,,,,,,uga_rbf_kme,SBS96:A[T>A]C,True,True,,,,,,,
uga_kme,data\kernel_basis_diagnostics.csv,mc3_hrd_kmt2c,,,,,,,,,,,,,,,,,,,,,,,,,,uga_rbf_kme,SBS96:A[T>A]G,True,True,,,,,,,
uga_kme,data\kernel_basis_diagnostics.csv,mc3_hrd_kmt2c,,,,,,,,,,,,,,,,,,,,,,,,,,uga_rbf_kme,SBS96:A[T>A]T,True,True,,,,,,,
uga_kme,data\kernel_basis_diagnostics.csv,mc3_hrd_kmt2c,,,,,,,,,,,,,,,,,,,,,,,,,,uga_rbf_kme,SBS96:A[T>C]A,True,True,,,,,,,
uga_kme,data\kernel_basis_diagnostics.csv,mc3_hrd_kmt2c,,,,,,,,,,,,,,,,,,,,,,,,,,uga_rbf_kme,SBS96:A[T>C]C,True,True,,,,,,,
uga_kme,data\kernel_basis_diagnostics.csv,mc3_hrd_kmt2c,,,,,,,,,,,,,,,,,,,,,,,,,,uga_rbf_kme,SBS96:A[T>C]G,True,True,,,,,,,
uga_kme,data\kernel_basis_diagnostics.csv,mc3_hrd_kmt2c,,,,,,,,,,,,,,,,,,,,,,,,,,uga_rbf_kme,SBS96:A[T>C]T,True,True,,,,,,,
uga_kme,data\kernel_basis_diagnostics.csv,mc3_hrd_kmt2c,,,,,,,,,,,,,,,,,,,,,,,,,,uga_rbf_kme,SBS96:A[T>G]A,True,True,,,,,,,
uga_kme,data\kernel_basis_diagnostics.csv,mc3_hrd_kmt2c,,,,,,,,,,,,,,,,,,,,,,,,,,uga_rbf_kme,SBS96:A[T>G]C,True,True,,,,,,,
uga_kme,data\kernel_basis_diagnostics.csv,mc3_hrd_kmt2c,,,,,,,,,,,,,,,,,,,,,,,,,,uga_rbf_kme,SBS96:A[T>G]G,True,True,,,,,,,
uga_kme,data\kernel_basis_diagnostics.csv,mc3_hrd_kmt2c,,,,,,,,,,,,,,,,,,,,,,,,,,uga_rbf_kme,SBS96:A[T>G]T,True,True,,,,,,,
uga_kme,data\kernel_basis_diagnostics.csv,mc3_hrd_kmt2c,,,,,,,,,,,,,,,,,,,,,,,,,,uga_rbf_kme,SBS96:C[C>A]A,True,True,,,,,,,
uga_kme,data\kernel_basis_diagnostics.csv,mc3_hrd_kmt2c,,,,,,,,,,,,,,,,,,,,,,,,,,uga_rbf_kme,SBS96:C[C>A]C,True,True,,,,,,,
uga_kme,data\kernel_basis_diagnostics.csv,mc3_hrd_kmt2c,,,,,,,,,,,,,,,,,,,,,,,,,,uga_rbf_kme,SBS96:C[C>A]G,True,True,,,,,,,
uga_kme,data\kernel_basis_diagnostics.csv,mc3_hrd_kmt2c,,,,,,,,,,,,,,,,,,,,,,,,,,uga_rbf_kme,SBS96:C[C>A]T,True,True,,,,,,,
uga_kme,data\kernel_basis_diagnostics.csv,mc3_hrd_kmt2c,,,,,,,,,,,,,,,,,,,,,,,,,,uga_rbf_kme,SBS96:C[C>G]A,True,True,,,,,,,
uga_kme,data\kernel_basis_diagnostics.csv,mc3_hrd_kmt2c,,,,,,,,,,,,,,,,,,,,,,,,,,uga_rbf_kme,SBS96:C[C>G]C,True,True,,,,,,,
uga_kme,data\kernel_basis_diagnostics.csv,mc3_hrd_kmt2c,,,,,,,,,,,,,,,,,,,,,,,,,,uga_rbf_kme,SBS96:C[C>G]G,True,True,,,,,,,
uga_kme,data\kernel_basis_diagnostics.csv,mc3_hrd_kmt2c,,,,,,,,,,,,,,,,,,,,,,,,,,uga_rbf_kme,SBS96:C[C>G]T,True,True,,,,,,,
uga_kme,data\kernel_basis_diagnostics.csv,mc3_hrd_kmt2c,,,,,,,,,,,,,,,,,,,,,,,,,,uga_rbf_kme,SBS96:C[C>T]A,True,True,,,,,,,
uga_kme,data\kernel_basis_diagnostics.csv,mc3_hrd_kmt2c,,,,,,,,,,,,,,,,,,,,,,,,,,uga_rbf_kme,SBS96:C[C>T]C,True,True,,,,,,,
uga_kme,data\kernel_basis_diagnostics.csv,mc3_hrd_kmt2c,,,,,,,,,,,,,,,,,,,,,,,,,,uga_rbf_kme,SBS96:C[C>T]G,True,True,,,,,,,
uga_kme,data\kernel_basis_diagnostics.csv,mc3_hrd_kmt2c,,,,,,,,,,,,,,,,,,,,,,,,,,uga_rbf_kme,SBS96:C[C>T]T,True,True,,,,,,,
uga_kme,data\kernel_basis_diagnostics.csv,mc3_hrd_kmt2c,,,,,,,,,,,,,,,,,,,,,,,,,,uga_rbf_kme,SBS96:C[T>A]A,True,True,,,,,,,
uga_kme,data\kernel_basis_diagnostics.csv,mc3_hrd_kmt2c,,,,,,,,,,,,,,,,,,,,,,,,,,uga_rbf_kme,SBS96:C[T>A]C,True,True,,,,,,,
uga_kme,data\kernel_basis_diagnostics.csv,mc3_hrd_kmt2c,,,,,,,,,,,,,,,,,,,,,,,,,,uga_rbf_kme,SBS96:C[T>A]G,True,True,,,,,,,
uga_kme,data\kernel_basis_diagnostics.csv,mc3_hrd_kmt2c,,,,,,,,,,,,,,,,,,,,,,,,,,uga_rbf_kme,SBS96:C[T>A]T,True,True,,,,,,,
uga_kme,data\kernel_basis_diagnostics.csv,mc3_hrd_kmt2c,,,,,,,,,,,,,,,,,,,,,,,,,,uga_rbf_kme,SBS96:C[T>C]A,True,True,,,,,,,
uga_kme,data\kernel_basis_diagnostics.csv,mc3_hrd_kmt2c,,,,,,,,,,,,,,,,,,,,,,,,,,uga_rbf_kme,SBS96:C[T>C]C,True,True,,,,,,,
uga_kme,data\kernel_basis_diagnostics.csv,mc3_hrd_kmt2c,,,,,,,,,,,,,,,,,,,,,,,,,,uga_rbf_kme,SBS96:C[T>C]G,True,True,,,,,,,
uga_kme,data\kernel_basis_diagnostics.csv,mc3_hrd_kmt2c,,,,,,,,,,,,,,,,,,,,,,,,,,uga_rbf_kme,SBS96:C[T>C]T,True,True,,,,,,,
uga_kme,data\kernel_basis_diagnostics.csv,mc3_hrd_kmt2c,,,,,,,,,,,,,,,,,,,,,,,,,,uga_rbf_kme,SBS96:C[T>G]A,True,True,,,,,,,
uga_kme,data\kernel_basis_diagnostics.csv,mc3_hrd_kmt2c,,,,,,,,,,,,,,,,,,,,,,,,,,uga_rbf_kme,SBS96:C[T>G]C,True,True,,,,,,,
uga_kme,data\kernel_basis_diagnostics.csv,mc3_hrd_kmt2c,,,,,,,,,,,,,,,,,,,,,,,,,,uga_rbf_kme,SBS96:C[T>G]G,True,True,,,,,,,
uga_kme,data\kernel_basis_diagnostics.csv,mc3_hrd_kmt2c,,,,,,,,,,,,,,,,,,,,,,,,,,uga_rbf_kme,SBS96:C[T>G]T,True,True,,,,,,,
uga_kme,data\kernel_basis_diagnostics.csv,mc3_hrd_kmt2c,,,,,,,,,,,,,,,,,,,,,,,,,,uga_rbf_kme,SBS96:G[C>A]A,True,True,,,,,,,
uga_kme,data\kernel_basis_diagnostics.csv,mc3_hrd_kmt2c,,,,,,,,,,,,,,,,,,,,,,,,,,uga_rbf_kme,SBS96:G[C>A]C,True,True,,,,,,,
uga_kme,data\kernel_basis_diagnostics.csv,mc3_hrd_kmt2c,,,,,,,,,,,,,,,,,,,,,,,,,,uga_rbf_kme,SBS96:G[C>A]G,True,True,,,,,,,
uga_kme,data\kernel_basis_diagnostics.csv,mc3_hrd_kmt2c,,,,,,,,,,,,,,,,,,,,,,,,,,uga_rbf_kme,SBS96:G[C>A]T,True,True,,,,,,,
uga_kme,data\kernel_basis_diagnostics.csv,mc3_hrd_kmt2c,,,,,,,,,,,,,,,,,,,,,,,,,,uga_rbf_kme,SBS96:G[C>G]A,True,True,,,,,,,
uga_kme,data\kernel_basis_diagnostics.csv,mc3_hrd_kmt2c,,,,,,,,,,,,,,,,,,,,,,,,,,uga_rbf_kme,SBS96:G[C>G]C,True,True,,,,,,,
uga_kme,data\kernel_basis_diagnostics.csv,mc3_hrd_kmt2c,,,,,,,,,,,,,,,,,,,,,,,,,,uga_rbf_kme,SBS96:G[C>G]G,True,True,,,,,,,
uga_kme,data\kernel_basis_diagnostics.csv,mc3_hrd_kmt2c,,,,,,,,,,,,,,,,,,,,,,,,,,uga_rbf_kme,SBS96:G[C>G]T,True,True,,,,,,,
uga_kme,data\kernel_basis_diagnostics.csv,mc3_hrd_kmt2c,,,,,,,,,,,,,,,,,,,,,,,,,,uga_rbf_kme,SBS96:G[C>T]A,True,True,,,,,,,
uga_kme,data\kernel_basis_diagnostics.csv,mc3_hrd_kmt2c,,,,,,,,,,,,,,,,,,,,,,,,,,uga_rbf_kme,SBS96:G[C>T]C,True,True,,,,,,,
uga_kme,data\kernel_basis_diagnostics.csv,mc3_hrd_kmt2c,,,,,,,,,,,,,,,,,,,,,,,,,,uga_rbf_kme,SBS96:G[C>T]G,True,True,,,,,,,
uga_kme,data\kernel_basis_diagnostics.csv,mc3_hrd_kmt2c,,,,,,,,,,,,,,,,,,,,,,,,,,uga_rbf_kme,SBS96:G[C>T]T,True,True,,,,,,,
uga_kme,data\kernel_basis_diagnostics.csv,mc3_hrd_kmt2c,,,,,,,,,,,,,,,,,,,,,,,,,,uga_rbf_kme,SBS96:G[T>A]A,True,True,,,,,,,
uga_kme,data\kernel_basis_diagnostics.csv,mc3_hrd_kmt2c,,,,,,,,,,,,,,,,,,,,,,,,,,uga_rbf_kme,SBS96:G[T>A]C,True,True,,,,,,,
uga_kme,data\kernel_basis_diagnostics.csv,mc3_hrd_kmt2c,,,,,,,,,,,,,,,,,,,,,,,,,,uga_rbf_kme,SBS96:G[T>A]G,True,True,,,,,,,
uga_kme,data\kernel_basis_diagnostics.csv,mc3_hrd_kmt2c,,,,,,,,,,,,,,,,,,,,,,,,,,uga_rbf_kme,SBS96:G[T>A]T,True,True,,,,,,,
uga_kme,data\kernel_basis_diagnostics.csv,mc3_hrd_kmt2c,,,,,,,,,,,,,,,,,,,,,,,,,,uga_rbf_kme,SBS96:G[T>C]A,True,True,,,,,,,
uga_kme,data\kernel_basis_diagnostics.csv,mc3_hrd_kmt2c,,,,,,,,,,,,,,,,,,,,,,,,,,uga_rbf_kme,SBS96:G[T>C]C,True,True,,,,,,,
uga_kme,data\kernel_basis_diagnostics.csv,mc3_hrd_kmt2c,,,,,,,,,,,,,,,,,,,,,,,,,,uga_rbf_kme,SBS96:G[T>C]G,True,True,,,,,,,
uga_kme,data\kernel_basis_diagnostics.csv,mc3_hrd_kmt2c,,,,,,,,,,,,,,,,,,,,,,,,,,uga_rbf_kme,SBS96:G[T>C]T,True,True,,,,,,,
uga_kme,data\kernel_basis_diagnostics.csv,mc3_hrd_kmt2c,,,,,,,,,,,,,,,,,,,,,,,,,,uga_rbf_kme,SBS96:G[T>G]A,True,True,,,,,,,
uga_kme,data\kernel_basis_diagnostics.csv,mc3_hrd_kmt2c,,,,,,,,,,,,,,,,,,,,,,,,,,uga_rbf_kme,SBS96:G[T>G]C,True,True,,,,,,,
uga_kme,data\kernel_basis_diagnostics.csv,mc3_hrd_kmt2c,,,,,,,,,,,,,,,,,,,,,,,,,,uga_rbf_kme,SBS96:G[T>G]G,True,True,,,,,,,
uga_kme,data\kernel_basis_diagnostics.csv,mc3_hrd_kmt2c,,,,,,,,,,,,,,,,,,,,,,,,,,uga_rbf_kme,SBS96:G[T>G]T,True,True,,,,,,,
uga_kme,data\kernel_basis_diagnostics.csv,mc3_hrd_kmt2c,,,,,,,,,,,,,,,,,,,,,,,,,,uga_rbf_kme,SBS96:T[C>A]A,True,True,,,,,,,
uga_kme,data\kernel_basis_diagnostics.csv,mc3_hrd_kmt2c,,,,,,,,,,,,,,,,,,,,,,,,,,uga_rbf_kme,SBS96:T[C>A]C,True,True,,,,,,,
uga_kme,data\kernel_basis_diagnostics.csv,mc3_hrd_kmt2c,,,,,,,,,,,,,,,,,,,,,,,,,,uga_rbf_kme,SBS96:T[C>A]G,True,True,,,,,,,
uga_kme,data\kernel_basis_diagnostics.csv,mc3_hrd_kmt2c,,,,,,,,,,,,,,,,,,,,,,,,,,uga_rbf_kme,SBS96:T[C>A]T,True,True,,,,,,,
uga_kme,data\kernel_basis_diagnostics.csv,mc3_hrd_kmt2c,,,,,,,,,,,,,,,,,,,,,,,,,,uga_rbf_kme,SBS96:T[C>G]A,True,True,,,,,,,
uga_kme,data\kernel_basis_diagnostics.csv,mc3_hrd_kmt2c,,,,,,,,,,,,,,,,,,,,,,,,,,uga_rbf_kme,SBS96:T[C>G]C,True,True,,,,,,,
uga_kme,data\kernel_basis_diagnostics.csv,mc3_hrd_kmt2c,,,,,,,,,,,,,,,,,,,,,,,,,,uga_rbf_kme,SBS96:T[C>G]G,True,True,,,,,,,
uga_kme,data\kernel_basis_diagnostics.csv,mc3_hrd_kmt2c,,,,,,,,,,,,,,,,,,,,,,,,,,uga_rbf_kme,SBS96:T[C>G]T,True,True,,,,,,,
uga_kme,data\kernel_basis_diagnostics.csv,mc3_hrd_kmt2c,,,,,,,,,,,,,,,,,,,,,,,,,,uga_rbf_kme,SBS96:T[C>T]A,True,True,,,,,,,
uga_kme,data\kernel_basis_diagnostics.csv,mc3_hrd_kmt2c,,,,,,,,,,,,,,,,,,,,,,,,,,uga_rbf_kme,SBS96:T[C>T]C,True,True,,,,,,,
uga_kme,data\kernel_basis_diagnostics.csv,mc3_hrd_kmt2c,,,,,,,,,,,,,,,,,,,,,,,,,,uga_rbf_kme,SBS96:T[C>T]G,True,True,,,,,,,
uga_kme,data\kernel_basis_diagnostics.csv,mc3_hrd_kmt2c,,,,,,,,,,,,,,,,,,,,,,,,,,uga_rbf_kme,SBS96:T[C>T]T,True,True,,,,,,,
uga_kme,data\kernel_basis_diagnostics.csv,mc3_hrd_kmt2c,,,,,,,,,,,,,,,,,,,,,,,,,,uga_rbf_kme,SBS96:T[T>A]A,True,True,,,,,,,
uga_kme,data\kernel_basis_diagnostics.csv,mc3_hrd_kmt2c,,,,,,,,,,,,,,,,,,,,,,,,,,uga_rbf_kme,SBS96:T[T>A]C,True,True,,,,,,,
uga_kme,data\kernel_basis_diagnostics.csv,mc3_hrd_kmt2c,,,,,,,,,,,,,,,,,,,,,,,,,,uga_rbf_kme,SBS96:T[T>A]G,True,True,,,,,,,
uga_kme,data\kernel_basis_diagnostics.csv,mc3_hrd_kmt2c,,,,,,,,,,,,,,,,,,,,,,,,,,uga_rbf_kme,SBS96:T[T>A]T,True,True,,,,,,,
uga_kme,data\kernel_basis_diagnostics.csv,mc3_hrd_kmt2c,,,,,,,,,,,,,,,,,,,,,,,,,,uga_rbf_kme,SBS96:T[T>C]A,True,True,,,,,,,
uga_kme,data\kernel_basis_diagnostics.csv,mc3_hrd_kmt2c,,,,,,,,,,,,,,,,,,,,,,,,,,uga_rbf_kme,SBS96:T[T>C]C,True,True,,,,,,,
uga_kme,data\kernel_basis_diagnostics.csv,mc3_hrd_kmt2c,,,,,,,,,,,,,,,,,,,,,,,,,,uga_rbf_kme,SBS96:T[T>C]G,True,True,,,,,,,
uga_kme,data\kernel_basis_diagnostics.csv,mc3_hrd_kmt2c,,,,,,,,,,,,,,,,,,,,,,,,,,uga_rbf_kme,SBS96:T[T>C]T,True,True,,,,,,,
uga_kme,data\kernel_basis_diagnostics.csv,mc3_hrd_kmt2c,,,,,,,,,,,,,,,,,,,,,,,,,,uga_rbf_kme,SBS96:T[T>G]A,True,True,,,,,,,
uga_kme,data\kernel_basis_diagnostics.csv,mc3_hrd_kmt2c,,,,,,,,,,,,,,,,,,,,,,,,,,uga_rbf_kme,SBS96:T[T>G]C,True,True,,,,,,,
uga_kme,data\kernel_basis_diagnostics.csv,mc3_hrd_kmt2c,,,,,,,,,,,,,,,,,,,,,,,,,,uga_rbf_kme,SBS96:T[T>G]G,True,True,,,,,,,
uga_kme,data\kernel_basis_diagnostics.csv,mc3_hrd_kmt2c,,,,,,,,,,,,,,,,,,,,,,,,,,uga_rbf_kme,SBS96:T[T>G]T,True,True,,,,,,,
uga_kme,data\kernel_basis_diagnostics.csv,mc3_hrd_kmt2c,,,,,,,,,,,,,,,,,,,,,,,,,,uga_rbf_kme,ID83:1:Del:C:0,True,True,,,,,,,
uga_kme,data\kernel_basis_diagnostics.csv,mc3_hrd_kmt2c,,,,,,,,,,,,,,,,,,,,,,,,,,uga_rbf_kme,ID83:1:Del:C:1,True,True,,,,,,,
uga_kme,data\kernel_basis_diagnostics.csv,mc3_hrd_kmt2c,,,,,,,,,,,,,,,,,,,,,,,,,,uga_rbf_kme,ID83:1:Del:C:2,True,True,,,,,,,
uga_kme,data\kernel_basis_diagnostics.csv,mc3_hrd_kmt2c,,,,,,,,,,,,,,,,,,,,,,,,,,uga_rbf_kme,ID83:1:Del:C:3,True,True,,,,,,,
uga_kme,data\kernel_basis_diagnostics.csv,mc3_hrd_kmt2c,,,,,,,,,,,,,,,,,,,,,,,,,,uga_rbf_kme,ID83:1:Del:C:4,True,True,,,,,,,
uga_kme,data\kernel_basis_diagnostics.csv,mc3_hrd_kmt2c,,,,,,,,,,,,,,,,,,,,,,,,,,uga_rbf_kme,ID83:1:Del:C:5,True,True,,,,,,,
uga_kme,data\kernel_basis_diagnostics.csv,mc3_hrd_kmt2c,,,,,,,,,,,,,,,,,,,,,,,,,,uga_rbf_kme,ID83:1:Del:T:0,True,True,,,,,,,
uga_kme,data\kernel_basis_diagnostics.csv,mc3_hrd_kmt2c,,,,,,,,,,,,,,,,,,,,,,,,,,uga_rbf_kme,ID83:1:Del:T:1,True,True,,,,,,,
uga_kme,data\kernel_basis_diagnostics.csv,mc3_hrd_kmt2c,,,,,,,,,,,,,,,,,,,,,,,,,,uga_rbf_kme,ID83:1:Del:T:2,True,True,,,,,,,
uga_kme,data\kernel_basis_diagnostics.csv,mc3_hrd_kmt2c,,,,,,,,,,,,,,,,,,,,,,,,,,uga_rbf_kme,ID83:1:Del:T:3,True,True,,,,,,,
uga_kme,data\kernel_basis_diagnostics.csv,mc3_hrd_kmt2c,,,,,,,,,,,,,,,,,,,,,,,,,,uga_rbf_kme,ID83:1:Del:T:4,True,True,,,,,,,
uga_kme,data\kernel_basis_diagnostics.csv,mc3_hrd_kmt2c,,,,,,,,,,,,,,,,,,,,,,,,,,uga_rbf_kme,ID83:1:Del:T:5,True,True,,,,,,,
uga_kme,data\kernel_basis_diagnostics.csv,mc3_hrd_kmt2c,,,,,,,,,,,,,,,,,,,,,,,,,,uga_rbf_kme,ID83:1:Ins:C:0,True,True,,,,,,,
uga_kme,data\kernel_basis_diagnostics.csv,mc3_hrd_kmt2c,,,,,,,,,,,,,,,,,,,,,,,,,,uga_rbf_kme,ID83:1:Ins:C:1,True,True,,,,,,,
uga_kme,data\kernel_basis_diagnostics.csv,mc3_hrd_kmt2c,,,,,,,,,,,,,,,,,,,,,,,,,,uga_rbf_kme,ID83:1:Ins:C:2,True,True,,,,,,,
uga_kme,data\kernel_basis_diagnostics.csv,mc3_hrd_kmt2c,,,,,,,,,,,,,,,,,,,,,,,,,,uga_rbf_kme,ID83:1:Ins:C:3,True,True,,,,,,,
uga_kme,data\kernel_basis_diagnostics.csv,mc3_hrd_kmt2c,,,,,,,,,,,,,,,,,,,,,,,,,,uga_rbf_kme,ID83:1:Ins:C:4,True,True,,,,,,,
uga_kme,data\kernel_basis_diagnostics.csv,mc3_hrd_kmt2c,,,,,,,,,,,,,,,,,,,,,,,,,,uga_rbf_kme,ID83:1:Ins:C:5,True,True,,,,,,,
uga_kme,data\kernel_basis_diagnostics.csv,mc3_hrd_kmt2c,,,,,,,,,,,,,,,,,,,,,,,,,,uga_rbf_kme,ID83:1:Ins:T:0,True,True,,,,,,,
uga_kme,data\kernel_basis_diagnostics.csv,mc3_hrd_kmt2c,,,,,,,,,,,,,,,,,,,,,,,,,,uga_rbf_kme,ID83:1:Ins:T:1,True,True,,,,,,,
uga_kme,data\kernel_basis_diagnostics.csv,mc3_hrd_kmt2c,,,,,,,,,,,,,,,,,,,,,,,,,,uga_rbf_kme,ID83:1:Ins:T:2,True,True,,,,,,,
uga_kme,data\kernel_basis_diagnostics.csv,mc3_hrd_kmt2c,,,,,,,,,,,,,,,,,,,,,,,,,,uga_rbf_kme,ID83:1:Ins:T:3,True,True,,,,,,,
uga_kme,data\kernel_basis_diagnostics.csv,mc3_hrd_kmt2c,,,,,,,,,,,,,,,,,,,,,,,,,,uga_rbf_kme,ID83:1:Ins:T:4,True,True,,,,,,,
uga_kme,data\kernel_basis_diagnostics.csv,mc3_hrd_kmt2c,,,,,,,,,,,,,,,,,,,,,,,,,,uga_rbf_kme,ID83:1:Ins:T:5,True,True,,,,,,,
uga_kme,data\kernel_basis_diagnostics.csv,mc3_hrd_kmt2c,,,,,,,,,,,,,,,,,,,,,,,,,,uga_rbf_kme,ID83:2:Del:R:0,True,True,,,,,,,
uga_kme,data\kernel_basis_diagnostics.csv,mc3_hrd_kmt2c,,,,,,,,,,,,,,,,,,,,,,,,,,uga_rbf_kme,ID83:2:Del:R:1,True,True,,,,,,,
uga_kme,data\kernel_basis_diagnostics.csv,mc3_hrd_kmt2c,,,,,,,,,,,,,,,,,,,,,,,,,,uga_rbf_kme,ID83:2:Del:R:2,True,True,,,,,,,
uga_kme,data\kernel_basis_diagnostics.csv,mc3_hrd_kmt2c,,,,,,,,,,,,,,,,,,,,,,,,,,uga_rbf_kme,ID83:2:Del:R:3,True,True,,,,,,,
uga_kme,data\kernel_basis_diagnostics.csv,mc3_hrd_kmt2c,,,,,,,,,,,,,,,,,,,,,,,,,,uga_rbf_kme,ID83:2:Del:R:4,True,True,,,,,,,
uga_kme,data\kernel_basis_diagnostics.csv,mc3_hrd_kmt2c,,,,,,,,,,,,,,,,,,,,,,,,,,uga_rbf_kme,ID83:2:Del:R:5,True,True,,,,,,,
uga_kme,data\kernel_basis_diagnostics.csv,mc3_hrd_kmt2c,,,,,,,,,,,,,,,,,,,,,,,,,,uga_rbf_kme,ID83:3:Del:R:0,True,True,,,,,,,
uga_kme,data\kernel_basis_diagnostics.csv,mc3_hrd_kmt2c,,,,,,,,,,,,,,,,,,,,,,,,,,uga_rbf_kme,ID83:3:Del:R:1,True,True,,,,,,,
uga_kme,data\kernel_basis_diagnostics.csv,mc3_hrd_kmt2c,,,,,,,,,,,,,,,,,,,,,,,,,,uga_rbf_kme,ID83:3:Del:R:2,True,True,,,,,,,
uga_kme,data\kernel_basis_diagnostics.csv,mc3_hrd_kmt2c,,,,,,,,,,,,,,,,,,,,,,,,,,uga_rbf_kme,ID83:3:Del:R:3,True,True,,,,,,,
uga_kme,data\kernel_basis_diagnostics.csv,mc3_hrd_kmt2c,,,,,,,,,,,,,,,,,,,,,,,,,,uga_rbf_kme,ID83:3:Del:R:4,True,True,,,,,,,
uga_kme,data\kernel_basis_diagnostics.csv,mc3_hrd_kmt2c,,,,,,,,,,,,,,,,,,,,,,,,,,uga_rbf_kme,ID83:3:Del:R:5,True,True,,,,,,,
uga_kme,data\kernel_basis_diagnostics.csv,mc3_hrd_kmt2c,,,,,,,,,,,,,,,,,,,,,,,,,,uga_rbf_kme,ID83:4:Del:R:0,True,True,,,,,,,
uga_kme,data\kernel_basis_diagnostics.csv,mc3_hrd_kmt2c,,,,,,,,,,,,,,,,,,,,,,,,,,uga_rbf_kme,ID83:4:Del:R:1,True,True,,,,,,,
uga_kme,data\kernel_basis_diagnostics.csv,mc3_hrd_kmt2c,,,,,,,,,,,,,,,,,,,,,,,,,,uga_rbf_kme,ID83:4:Del:R:2,True,True,,,,,,,
uga_kme,data\kernel_basis_diagnostics.csv,mc3_hrd_kmt2c,,,,,,,,,,,,,,,,,,,,,,,,,,uga_rbf_kme,ID83:4:Del:R:3,True,True,,,,,,,
uga_kme,data\kernel_basis_diagnostics.csv,mc3_hrd_kmt2c,,,,,,,,,,,,,,,,,,,,,,,,,,uga_rbf_kme,ID83:4:Del:R:4,True,True,,,,,,,
uga_kme,data\kernel_basis_diagnostics.csv,mc3_hrd_kmt2c,,,,,,,,,,,,,,,,,,,,,,,,,,uga_rbf_kme,ID83:4:Del:R:5,True,True,,,,,,,
uga_kme,data\kernel_basis_diagnostics.csv,mc3_hrd_kmt2c,,,,,,,,,,,,,,,,,,,,,,,,,,uga_rbf_kme,ID83:5:Del:R:0,True,True,,,,,,,
uga_kme,data\kernel_basis_diagnostics.csv,mc3_hrd_kmt2c,,,,,,,,,,,,,,,,,,,,,,,,,,uga_rbf_kme,ID83:5:Del:R:1,True,True,,,,,,,
uga_kme,data\kernel_basis_diagnostics.csv,mc3_hrd_kmt2c,,,,,,,,,,,,,,,,,,,,,,,,,,uga_rbf_kme,ID83:5:Del:R:2,True,True,,,,,,,
uga_kme,data\kernel_basis_diagnostics.csv,mc3_hrd_kmt2c,,,,,,,,,,,,,,,,,,,,,,,,,,uga_rbf_kme,ID83:5:Del:R:3,True,True,,,,,,,
uga_kme,data\kernel_basis_diagnostics.csv,mc3_hrd_kmt2c,,,,,,,,,,,,,,,,,,,,,,,,,,uga_rbf_kme,ID83:5:Del:R:4,True,True,,,,,,,
uga_kme,data\kernel_basis_diagnostics.csv,mc3_hrd_kmt2c,,,,,,,,,,,,,,,,,,,,,,,,,,uga_rbf_kme,ID83:5:Del:R:5,True,True,,,,,,,
uga_kme,data\kernel_basis_diagnostics.csv,mc3_hrd_kmt2c,,,,,,,,,,,,,,,,,,,,,,,,,,uga_rbf_kme,ID83:2:Ins:R:0,True,True,,,,,,,
uga_kme,data\kernel_basis_diagnostics.csv,mc3_hrd_kmt2c,,,,,,,,,,,,,,,,,,,,,,,,,,uga_rbf_kme,ID83:2:Ins:R:1,True,True,,,,,,,
uga_kme,data\kernel_basis_diagnostics.csv,mc3_hrd_kmt2c,,,,,,,,,,,,,,,,,,,,,,,,,,uga_rbf_kme,ID83:2:Ins:R:2,True,True,,,,,,,
uga_kme,data\kernel_basis_diagnostics.csv,mc3_hrd_kmt2c,,,,,,,,,,,,,,,,,,,,,,,,,,uga_rbf_kme,ID83:2:Ins:R:3,True,True,,,,,,,
uga_kme,data\kernel_basis_diagnostics.csv,mc3_hrd_kmt2c,,,,,,,,,,,,,,,,,,,,,,,,,,uga_rbf_kme,ID83:2:Ins:R:4,True,True,,,,,,,
uga_kme,data\kernel_basis_diagnostics.csv,mc3_hrd_kmt2c,,,,,,,,,,,,,,,,,,,,,,,,,,uga_rbf_kme,ID83:2:Ins:R:5,True,True,,,,,,,
uga_kme,data\kernel_basis_diagnostics.csv,mc3_hrd_kmt2c,,,,,,,,,,,,,,,,,,,,,,,,,,uga_rbf_kme,ID83:3:Ins:R:0,True,True,,,,,,,
uga_kme,data\kernel_basis_diagnostics.csv,mc3_hrd_kmt2c,,,,,,,,,,,,,,,,,,,,,,,,,,uga_rbf_kme,ID83:3:Ins:R:1,True,True,,,,,,,
uga_kme,data\kernel_basis_diagnostics.csv,mc3_hrd_kmt2c,,,,,,,,,,,,,,,,,,,,,,,,,,uga_rbf_kme,ID83:3:Ins:R:2,True,True,,,,,,,
uga_kme,data\kernel_basis_diagnostics.csv,mc3_hrd_kmt2c,,,,,,,,,,,,,,,,,,,,,,,,,,uga_rbf_kme,ID83:3:Ins:R:3,True,True,,,,,,,
uga_kme,data\kernel_basis_diagnostics.csv,mc3_hrd_kmt2c,,,,,,,,,,,,,,,,,,,,,,,,,,uga_rbf_kme,ID83:3:Ins:R:4,True,True,,,,,,,
uga_kme,data\kernel_basis_diagnostics.csv,mc3_hrd_kmt2c,,,,,,,,,,,,,,,,,,,,,,,,,,uga_rbf_kme,ID83:3:Ins:R:5,True,True,,,,,,,
uga_kme,data\kernel_basis_diagnostics.csv,mc3_hrd_kmt2c,,,,,,,,,,,,,,,,,,,,,,,,,,uga_rbf_kme,ID83:4:Ins:R:0,True,True,,,,,,,
uga_kme,data\kernel_basis_diagnostics.csv,mc3_hrd_kmt2c,,,,,,,,,,,,,,,,,,,,,,,,,,uga_rbf_kme,ID83:4:Ins:R:1,True,True,,,,,,,
uga_kme,data\kernel_basis_diagnostics.csv,mc3_hrd_kmt2c,,,,,,,,,,,,,,,,,,,,,,,,,,uga_rbf_kme,ID83:4:Ins:R:2,True,True,,,,,,,
uga_kme,data\kernel_basis_diagnostics.csv,mc3_hrd_kmt2c,,,,,,,,,,,,,,,,,,,,,,,,,,uga_rbf_kme,ID83:4:Ins:R:3,True,True,,,,,,,
uga_kme,data\kernel_basis_diagnostics.csv,mc3_hrd_kmt2c,,,,,,,,,,,,,,,,,,,,,,,,,,uga_rbf_kme,ID83:4:Ins:R:4,True,True,,,,,,,
uga_kme,data\kernel_basis_diagnostics.csv,mc3_hrd_kmt2c,,,,,,,,,,,,,,,,,,,,,,,,,,uga_rbf_kme,ID83:4:Ins:R:5,True,True,,,,,,,
uga_kme,data\kernel_basis_diagnostics.csv,mc3_hrd_kmt2c,,,,,,,,,,,,,,,,,,,,,,,,,,uga_rbf_kme,ID83:5:Ins:R:0,True,True,,,,,,,
uga_kme,data\kernel_basis_diagnostics.csv,mc3_hrd_kmt2c,,,,,,,,,,,,,,,,,,,,,,,,,,uga_rbf_kme,ID83:5:Ins:R:1,True,True,,,,,,,
uga_kme,data\kernel_basis_diagnostics.csv,mc3_hrd_kmt2c,,,,,,,,,,,,,,,,,,,,,,,,,,uga_rbf_kme,ID83:5:Ins:R:2,True,True,,,,,,,
uga_kme,data\kernel_basis_diagnostics.csv,mc3_hrd_kmt2c,,,,,,,,,,,,,,,,,,,,,,,,,,uga_rbf_kme,ID83:5:Ins:R:3,True,True,,,,,,,
uga_kme,data\kernel_basis_diagnostics.csv,mc3_hrd_kmt2c,,,,,,,,,,,,,,,,,,,,,,,,,,uga_rbf_kme,ID83:5:Ins:R:4,True,True,,,,,,,
uga_kme,data\kernel_basis_diagnostics.csv,mc3_hrd_kmt2c,,,,,,,,,,,,,,,,,,,,,,,,,,uga_rbf_kme,ID83:5:Ins:R:5,True,True,,,,,,,
uga_kme,data\kernel_basis_diagnostics.csv,mc3_hrd_kmt2c,,,,,,,,,,,,,,,,,,,,,,,,,,uga_rbf_kme,ID83:2:Del:M:1,True,True,,,,,,,
uga_kme,data\kernel_basis_diagnostics.csv,mc3_hrd_kmt2c,,,,,,,,,,,,,,,,,,,,,,,,,,uga_rbf_kme,ID83:3:Del:M:1,True,True,,,,,,,
uga_kme,data\kernel_basis_diagnostics.csv,mc3_hrd_kmt2c,,,,,,,,,,,,,,,,,,,,,,,,,,uga_rbf_kme,ID83:3:Del:M:2,True,True,,,,,,,
uga_kme,data\kernel_basis_diagnostics.csv,mc3_hrd_kmt2c,,,,,,,,,,,,,,,,,,,,,,,,,,uga_rbf_kme,ID83:4:Del:M:1,True,True,,,,,,,
uga_kme,data\kernel_basis_diagnostics.csv,mc3_hrd_kmt2c,,,,,,,,,,,,,,,,,,,,,,,,,,uga_rbf_kme,ID83:4:Del:M:2,True,True,,,,,,,
uga_kme,data\kernel_basis_diagnostics.csv,mc3_hrd_kmt2c,,,,,,,,,,,,,,,,,,,,,,,,,,uga_rbf_kme,ID83:4:Del:M:3,True,True,,,,,,,
uga_kme,data\kernel_basis_diagnostics.csv,mc3_hrd_kmt2c,,,,,,,,,,,,,,,,,,,,,,,,,,uga_rbf_kme,ID83:5:Del:M:1,True,True,,,,,,,
uga_kme,data\kernel_basis_diagnostics.csv,mc3_hrd_kmt2c,,,,,,,,,,,,,,,,,,,,,,,,,,uga_rbf_kme,ID83:5:Del:M:2,True,True,,,,,,,
uga_kme,data\kernel_basis_diagnostics.csv,mc3_hrd_kmt2c,,,,,,,,,,,,,,,,,,,,,,,,,,uga_rbf_kme,ID83:5:Del:M:3,True,True,,,,,,,
uga_kme,data\kernel_basis_diagnostics.csv,mc3_hrd_kmt2c,,,,,,,,,,,,,,,,,,,,,,,,,,uga_rbf_kme,ID83:5:Del:M:4,True,True,,,,,,,
uga_kme,data\kernel_basis_diagnostics.csv,mc3_hrd_kmt2c,,,,,,,,,,,,,,,,,,,,,,,,,,uga_rbf_kme,ID83:5:Del:M:5,True,True,,,,,,,
uga_kme,data\kernel_basis_diagnostics.csv,kucab_damage_class,,,,,,,,,,,,,,,,,,,,,,,,,,uga_rbf_kme,SBS:A[C>A]A,True,True,,,,,,,
uga_kme,data\kernel_basis_diagnostics.csv,kucab_damage_class,,,,,,,,,,,,,,,,,,,,,,,,,,uga_rbf_kme,SBS:A[C>A]C,True,True,,,,,,,
uga_kme,data\kernel_basis_diagnostics.csv,kucab_damage_class,,,,,,,,,,,,,,,,,,,,,,,,,,uga_rbf_kme,SBS:A[C>A]G,True,True,,,,,,,
uga_kme,data\kernel_basis_diagnostics.csv,kucab_damage_class,,,,,,,,,,,,,,,,,,,,,,,,,,uga_rbf_kme,SBS:A[C>A]T,True,True,,,,,,,
uga_kme,data\kernel_basis_diagnostics.csv,kucab_damage_class,,,,,,,,,,,,,,,,,,,,,,,,,,uga_rbf_kme,SBS:A[C>G]A,True,True,,,,,,,
uga_kme,data\kernel_basis_diagnostics.csv,kucab_damage_class,,,,,,,,,,,,,,,,,,,,,,,,,,uga_rbf_kme,SBS:A[C>G]C,True,True,,,,,,,
uga_kme,data\kernel_basis_diagnostics.csv,kucab_damage_class,,,,,,,,,,,,,,,,,,,,,,,,,,uga_rbf_kme,SBS:A[C>G]G,True,True,,,,,,,
uga_kme,data\kernel_basis_diagnostics.csv,kucab_damage_class,,,,,,,,,,,,,,,,,,,,,,,,,,uga_rbf_kme,SBS:A[C>G]T,True,True,,,,,,,
uga_kme,data\kernel_basis_diagnostics.csv,kucab_damage_class,,,,,,,,,,,,,,,,,,,,,,,,,,uga_rbf_kme,SBS:A[C>T]A,True,True,,,,,,,
uga_kme,data\kernel_basis_diagnostics.csv,kucab_damage_class,,,,,,,,,,,,,,,,,,,,,,,,,,uga_rbf_kme,SBS:A[C>T]C,True,True,,,,,,,
uga_kme,data\kernel_basis_diagnostics.csv,kucab_damage_class,,,,,,,,,,,,,,,,,,,,,,,,,,uga_rbf_kme,SBS:A[C>T]G,True,True,,,,,,,
uga_kme,data\kernel_basis_diagnostics.csv,kucab_damage_class,,,,,,,,,,,,,,,,,,,,,,,,,,uga_rbf_kme,SBS:A[C>T]T,True,True,,,,,,,
uga_kme,data\kernel_basis_diagnostics.csv,kucab_damage_class,,,,,,,,,,,,,,,,,,,,,,,,,,uga_rbf_kme,SBS:A[T>A]A,True,True,,,,,,,
uga_kme,data\kernel_basis_diagnostics.csv,kucab_damage_class,,,,,,,,,,,,,,,,,,,,,,,,,,uga_rbf_kme,SBS:A[T>A]C,True,True,,,,,,,
uga_kme,data\kernel_basis_diagnostics.csv,kucab_damage_class,,,,,,,,,,,,,,,,,,,,,,,,,,uga_rbf_kme,SBS:A[T>A]G,True,True,,,,,,,
uga_kme,data\kernel_basis_diagnostics.csv,kucab_damage_class,,,,,,,,,,,,,,,,,,,,,,,,,,uga_rbf_kme,SBS:A[T>A]T,True,True,,,,,,,
uga_kme,data\kernel_basis_diagnostics.csv,kucab_damage_class,,,,,,,,,,,,,,,,,,,,,,,,,,uga_rbf_kme,SBS:A[T>C]A,True,True,,,,,,,
uga_kme,data\kernel_basis_diagnostics.csv,kucab_damage_class,,,,,,,,,,,,,,,,,,,,,,,,,,uga_rbf_kme,SBS:A[T>C]C,True,True,,,,,,,
uga_kme,data\kernel_basis_diagnostics.csv,kucab_damage_class,,,,,,,,,,,,,,,,,,,,,,,,,,uga_rbf_kme,SBS:A[T>C]G,True,True,,,,,,,
uga_kme,data\kernel_basis_diagnostics.csv,kucab_damage_class,,,,,,,,,,,,,,,,,,,,,,,,,,uga_rbf_kme,SBS:A[T>C]T,True,True,,,,,,,
uga_kme,data\kernel_basis_diagnostics.csv,kucab_damage_class,,,,,,,,,,,,,,,,,,,,,,,,,,uga_rbf_kme,SBS:A[T>G]A,True,True,,,,,,,
uga_kme,data\kernel_basis_diagnostics.csv,kucab_damage_class,,,,,,,,,,,,,,,,,,,,,,,,,,uga_rbf_kme,SBS:A[T>G]C,True,True,,,,,,,
uga_kme,data\kernel_basis_diagnostics.csv,kucab_damage_class,,,,,,,,,,,,,,,,,,,,,,,,,,uga_rbf_kme,SBS:A[T>G]G,True,True,,,,,,,
uga_kme,data\kernel_basis_diagnostics.csv,kucab_damage_class,,,,,,,,,,,,,,,,,,,,,,,,,,uga_rbf_kme,SBS:A[T>G]T,True,True,,,,,,,
uga_kme,data\kernel_basis_diagnostics.csv,kucab_damage_class,,,,,,,,,,,,,,,,,,,,,,,,,,uga_rbf_kme,SBS:C[C>A]A,True,True,,,,,,,
uga_kme,data\kernel_basis_diagnostics.csv,kucab_damage_class,,,,,,,,,,,,,,,,,,,,,,,,,,uga_rbf_kme,SBS:C[C>A]C,True,True,,,,,,,
uga_kme,data\kernel_basis_diagnostics.csv,kucab_damage_class,,,,,,,,,,,,,,,,,,,,,,,,,,uga_rbf_kme,SBS:C[C>A]G,True,True,,,,,,,
uga_kme,data\kernel_basis_diagnostics.csv,kucab_damage_class,,,,,,,,,,,,,,,,,,,,,,,,,,uga_rbf_kme,SBS:C[C>A]T,True,True,,,,,,,
uga_kme,data\kernel_basis_diagnostics.csv,kucab_damage_class,,,,,,,,,,,,,,,,,,,,,,,,,,uga_rbf_kme,SBS:C[C>G]A,True,True,,,,,,,
uga_kme,data\kernel_basis_diagnostics.csv,kucab_damage_class,,,,,,,,,,,,,,,,,,,,,,,,,,uga_rbf_kme,SBS:C[C>G]C,True,True,,,,,,,
uga_kme,data\kernel_basis_diagnostics.csv,kucab_damage_class,,,,,,,,,,,,,,,,,,,,,,,,,,uga_rbf_kme,SBS:C[C>G]G,True,True,,,,,,,
uga_kme,data\kernel_basis_diagnostics.csv,kucab_damage_class,,,,,,,,,,,,,,,,,,,,,,,,,,uga_rbf_kme,SBS:C[C>G]T,True,True,,,,,,,
uga_kme,data\kernel_basis_diagnostics.csv,kucab_damage_class,,,,,,,,,,,,,,,,,,,,,,,,,,uga_rbf_kme,SBS:C[C>T]A,True,True,,,,,,,
uga_kme,data\kernel_basis_diagnostics.csv,kucab_damage_class,,,,,,,,,,,,,,,,,,,,,,,,,,uga_rbf_kme,SBS:C[C>T]C,True,True,,,,,,,
uga_kme,data\kernel_basis_diagnostics.csv,kucab_damage_class,,,,,,,,,,,,,,,,,,,,,,,,,,uga_rbf_kme,SBS:C[C>T]G,True,True,,,,,,,
uga_kme,data\kernel_basis_diagnostics.csv,kucab_damage_class,,,,,,,,,,,,,,,,,,,,,,,,,,uga_rbf_kme,SBS:C[C>T]T,True,True,,,,,,,
uga_kme,data\kernel_basis_diagnostics.csv,kucab_damage_class,,,,,,,,,,,,,,,,,,,,,,,,,,uga_rbf_kme,SBS:C[T>A]A,True,True,,,,,,,
uga_kme,data\kernel_basis_diagnostics.csv,kucab_damage_class,,,,,,,,,,,,,,,,,,,,,,,,,,uga_rbf_kme,SBS:C[T>A]C,True,True,,,,,,,
uga_kme,data\kernel_basis_diagnostics.csv,kucab_damage_class,,,,,,,,,,,,,,,,,,,,,,,,,,uga_rbf_kme,SBS:C[T>A]G,True,True,,,,,,,
uga_kme,data\kernel_basis_diagnostics.csv,kucab_damage_class,,,,,,,,,,,,,,,,,,,,,,,,,,uga_rbf_kme,SBS:C[T>A]T,True,True,,,,,,,
uga_kme,data\kernel_basis_diagnostics.csv,kucab_damage_class,,,,,,,,,,,,,,,,,,,,,,,,,,uga_rbf_kme,SBS:C[T>C]A,True,True,,,,,,,
uga_kme,data\kernel_basis_diagnostics.csv,kucab_damage_class,,,,,,,,,,,,,,,,,,,,,,,,,,uga_rbf_kme,SBS:C[T>C]C,True,True,,,,,,,
uga_kme,data\kernel_basis_diagnostics.csv,kucab_damage_class,,,,,,,,,,,,,,,,,,,,,,,,,,uga_rbf_kme,SBS:C[T>C]G,True,True,,,,,,,
uga_kme,data\kernel_basis_diagnostics.csv,kucab_damage_class,,,,,,,,,,,,,,,,,,,,,,,,,,uga_rbf_kme,SBS:C[T>C]T,True,True,,,,,,,
uga_kme,data\kernel_basis_diagnostics.csv,kucab_damage_class,,,,,,,,,,,,,,,,,,,,,,,,,,uga_rbf_kme,SBS:C[T>G]A,True,True,,,,,,,
uga_kme,data\kernel_basis_diagnostics.csv,kucab_damage_class,,,,,,,,,,,,,,,,,,,,,,,,,,uga_rbf_kme,SBS:C[T>G]C,True,True,,,,,,,
uga_kme,data\kernel_basis_diagnostics.csv,kucab_damage_class,,,,,,,,,,,,,,,,,,,,,,,,,,uga_rbf_kme,SBS:C[T>G]G,True,True,,,,,,,
uga_kme,data\kernel_basis_diagnostics.csv,kucab_damage_class,,,,,,,,,,,,,,,,,,,,,,,,,,uga_rbf_kme,SBS:C[T>G]T,True,True,,,,,,,
uga_kme,data\kernel_basis_diagnostics.csv,kucab_damage_class,,,,,,,,,,,,,,,,,,,,,,,,,,uga_rbf_kme,SBS:G[C>A]A,True,True,,,,,,,
uga_kme,data\kernel_basis_diagnostics.csv,kucab_damage_class,,,,,,,,,,,,,,,,,,,,,,,,,,uga_rbf_kme,SBS:G[C>A]C,True,True,,,,,,,
uga_kme,data\kernel_basis_diagnostics.csv,kucab_damage_class,,,,,,,,,,,,,,,,,,,,,,,,,,uga_rbf_kme,SBS:G[C>A]G,True,True,,,,,,,
uga_kme,data\kernel_basis_diagnostics.csv,kucab_damage_class,,,,,,,,,,,,,,,,,,,,,,,,,,uga_rbf_kme,SBS:G[C>A]T,True,True,,,,,,,
uga_kme,data\kernel_basis_diagnostics.csv,kucab_damage_class,,,,,,,,,,,,,,,,,,,,,,,,,,uga_rbf_kme,SBS:G[C>G]A,True,True,,,,,,,
uga_kme,data\kernel_basis_diagnostics.csv,kucab_damage_class,,,,,,,,,,,,,,,,,,,,,,,,,,uga_rbf_kme,SBS:G[C>G]C,True,True,,,,,,,
uga_kme,data\kernel_basis_diagnostics.csv,kucab_damage_class,,,,,,,,,,,,,,,,,,,,,,,,,,uga_rbf_kme,SBS:G[C>G]G,True,True,,,,,,,
uga_kme,data\kernel_basis_diagnostics.csv,kucab_damage_class,,,,,,,,,,,,,,,,,,,,,,,,,,uga_rbf_kme,SBS:G[C>G]T,True,True,,,,,,,
uga_kme,data\kernel_basis_diagnostics.csv,kucab_damage_class,,,,,,,,,,,,,,,,,,,,,,,,,,uga_rbf_kme,SBS:G[C>T]A,True,True,,,,,,,
uga_kme,data\kernel_basis_diagnostics.csv,kucab_damage_class,,,,,,,,,,,,,,,,,,,,,,,,,,uga_rbf_kme,SBS:G[C>T]C,True,True,,,,,,,
uga_kme,data\kernel_basis_diagnostics.csv,kucab_damage_class,,,,,,,,,,,,,,,,,,,,,,,,,,uga_rbf_kme,SBS:G[C>T]G,True,True,,,,,,,
uga_kme,data\kernel_basis_diagnostics.csv,kucab_damage_class,,,,,,,,,,,,,,,,,,,,,,,,,,uga_rbf_kme,SBS:G[C>T]T,True,True,,,,,,,
uga_kme,data\kernel_basis_diagnostics.csv,kucab_damage_class,,,,,,,,,,,,,,,,,,,,,,,,,,uga_rbf_kme,SBS:G[T>A]A,True,True,,,,,,,
uga_kme,data\kernel_basis_diagnostics.csv,kucab_damage_class,,,,,,,,,,,,,,,,,,,,,,,,,,uga_rbf_kme,SBS:G[T>A]C,True,True,,,,,,,
uga_kme,data\kernel_basis_diagnostics.csv,kucab_damage_class,,,,,,,,,,,,,,,,,,,,,,,,,,uga_rbf_kme,SBS:G[T>A]G,True,True,,,,,,,
uga_kme,data\kernel_basis_diagnostics.csv,kucab_damage_class,,,,,,,,,,,,,,,,,,,,,,,,,,uga_rbf_kme,SBS:G[T>A]T,True,True,,,,,,,
uga_kme,data\kernel_basis_diagnostics.csv,kucab_damage_class,,,,,,,,,,,,,,,,,,,,,,,,,,uga_rbf_kme,SBS:G[T>C]A,True,True,,,,,,,
uga_kme,data\kernel_basis_diagnostics.csv,kucab_damage_class,,,,,,,,,,,,,,,,,,,,,,,,,,uga_rbf_kme,SBS:G[T>C]C,True,True,,,,,,,
uga_kme,data\kernel_basis_diagnostics.csv,kucab_damage_class,,,,,,,,,,,,,,,,,,,,,,,,,,uga_rbf_kme,SBS:G[T>C]G,True,True,,,,,,,
uga_kme,data\kernel_basis_diagnostics.csv,kucab_damage_class,,,,,,,,,,,,,,,,,,,,,,,,,,uga_rbf_kme,SBS:G[T>C]T,True,True,,,,,,,
uga_kme,data\kernel_basis_diagnostics.csv,kucab_damage_class,,,,,,,,,,,,,,,,,,,,,,,,,,uga_rbf_kme,SBS:G[T>G]A,True,True,,,,,,,
uga_kme,data\kernel_basis_diagnostics.csv,kucab_damage_class,,,,,,,,,,,,,,,,,,,,,,,,,,uga_rbf_kme,SBS:G[T>G]C,True,True,,,,,,,
uga_kme,data\kernel_basis_diagnostics.csv,kucab_damage_class,,,,,,,,,,,,,,,,,,,,,,,,,,uga_rbf_kme,SBS:G[T>G]G,True,True,,,,,,,
uga_kme,data\kernel_basis_diagnostics.csv,kucab_damage_class,,,,,,,,,,,,,,,,,,,,,,,,,,uga_rbf_kme,SBS:G[T>G]T,True,True,,,,,,,
uga_kme,data\kernel_basis_diagnostics.csv,kucab_damage_class,,,,,,,,,,,,,,,,,,,,,,,,,,uga_rbf_kme,SBS:T[C>A]A,True,True,,,,,,,
uga_kme,data\kernel_basis_diagnostics.csv,kucab_damage_class,,,,,,,,,,,,,,,,,,,,,,,,,,uga_rbf_kme,SBS:T[C>A]C,True,True,,,,,,,
uga_kme,data\kernel_basis_diagnostics.csv,kucab_damage_class,,,,,,,,,,,,,,,,,,,,,,,,,,uga_rbf_kme,SBS:T[C>A]G,True,True,,,,,,,
uga_kme,data\kernel_basis_diagnostics.csv,kucab_damage_class,,,,,,,,,,,,,,,,,,,,,,,,,,uga_rbf_kme,SBS:T[C>A]T,True,True,,,,,,,
uga_kme,data\kernel_basis_diagnostics.csv,kucab_damage_class,,,,,,,,,,,,,,,,,,,,,,,,,,uga_rbf_kme,SBS:T[C>G]A,True,True,,,,,,,
uga_kme,data\kernel_basis_diagnostics.csv,kucab_damage_class,,,,,,,,,,,,,,,,,,,,,,,,,,uga_rbf_kme,SBS:T[C>G]C,True,True,,,,,,,
uga_kme,data\kernel_basis_diagnostics.csv,kucab_damage_class,,,,,,,,,,,,,,,,,,,,,,,,,,uga_rbf_kme,SBS:T[C>G]G,True,True,,,,,,,
uga_kme,data\kernel_basis_diagnostics.csv,kucab_damage_class,,,,,,,,,,,,,,,,,,,,,,,,,,uga_rbf_kme,SBS:T[C>G]T,True,True,,,,,,,
uga_kme,data\kernel_basis_diagnostics.csv,kucab_damage_class,,,,,,,,,,,,,,,,,,,,,,,,,,uga_rbf_kme,SBS:T[C>T]A,True,True,,,,,,,
uga_kme,data\kernel_basis_diagnostics.csv,kucab_damage_class,,,,,,,,,,,,,,,,,,,,,,,,,,uga_rbf_kme,SBS:T[C>T]C,True,True,,,,,,,
uga_kme,data\kernel_basis_diagnostics.csv,kucab_damage_class,,,,,,,,,,,,,,,,,,,,,,,,,,uga_rbf_kme,SBS:T[C>T]G,True,True,,,,,,,
uga_kme,data\kernel_basis_diagnostics.csv,kucab_damage_class,,,,,,,,,,,,,,,,,,,,,,,,,,uga_rbf_kme,SBS:T[C>T]T,True,True,,,,,,,
uga_kme,data\kernel_basis_diagnostics.csv,kucab_damage_class,,,,,,,,,,,,,,,,,,,,,,,,,,uga_rbf_kme,SBS:T[T>A]A,True,True,,,,,,,
uga_kme,data\kernel_basis_diagnostics.csv,kucab_damage_class,,,,,,,,,,,,,,,,,,,,,,,,,,uga_rbf_kme,SBS:T[T>A]C,True,True,,,,,,,
uga_kme,data\kernel_basis_diagnostics.csv,kucab_damage_class,,,,,,,,,,,,,,,,,,,,,,,,,,uga_rbf_kme,SBS:T[T>A]G,True,True,,,,,,,
uga_kme,data\kernel_basis_diagnostics.csv,kucab_damage_class,,,,,,,,,,,,,,,,,,,,,,,,,,uga_rbf_kme,SBS:T[T>A]T,True,True,,,,,,,
uga_kme,data\kernel_basis_diagnostics.csv,kucab_damage_class,,,,,,,,,,,,,,,,,,,,,,,,,,uga_rbf_kme,SBS:T[T>C]A,True,True,,,,,,,
uga_kme,data\kernel_basis_diagnostics.csv,kucab_damage_class,,,,,,,,,,,,,,,,,,,,,,,,,,uga_rbf_kme,SBS:T[T>C]C,True,True,,,,,,,
uga_kme,data\kernel_basis_diagnostics.csv,kucab_damage_class,,,,,,,,,,,,,,,,,,,,,,,,,,uga_rbf_kme,SBS:T[T>C]G,True,True,,,,,,,
uga_kme,data\kernel_basis_diagnostics.csv,kucab_damage_class,,,,,,,,,,,,,,,,,,,,,,,,,,uga_rbf_kme,SBS:T[T>C]T,True,True,,,,,,,
uga_kme,data\kernel_basis_diagnostics.csv,kucab_damage_class,,,,,,,,,,,,,,,,,,,,,,,,,,uga_rbf_kme,SBS:T[T>G]A,True,True,,,,,,,
uga_kme,data\kernel_basis_diagnostics.csv,kucab_damage_class,,,,,,,,,,,,,,,,,,,,,,,,,,uga_rbf_kme,SBS:T[T>G]C,True,True,,,,,,,
uga_kme,data\kernel_basis_diagnostics.csv,kucab_damage_class,,,,,,,,,,,,,,,,,,,,,,,,,,uga_rbf_kme,SBS:T[T>G]G,True,True,,,,,,,
uga_kme,data\kernel_basis_diagnostics.csv,kucab_damage_class,,,,,,,,,,,,,,,,,,,,,,,,,,uga_rbf_kme,SBS:T[T>G]T,True,True,,,,,,,
uga_kme,data\kernel_basis_diagnostics.csv,kucab_damage_class,,,,,,,,,,,,,,,,,,,,,,,,,,uga_rbf_kme,DBS:AC>CA,True,True,,,,,,,
uga_kme,data\kernel_basis_diagnostics.csv,kucab_damage_class,,,,,,,,,,,,,,,,,,,,,,,,,,uga_rbf_kme,DBS:AC>CG,True,True,,,,,,,
uga_kme,data\kernel_basis_diagnostics.csv,kucab_damage_class,,,,,,,,,,,,,,,,,,,,,,,,,,uga_rbf_kme,DBS:AC>CT,True,True,,,,,,,
uga_kme,data\kernel_basis_diagnostics.csv,kucab_damage_class,,,,,,,,,,,,,,,,,,,,,,,,,,uga_rbf_kme,DBS:AC>GA,True,True,,,,,,,
uga_kme,data\kernel_basis_diagnostics.csv,kucab_damage_class,,,,,,,,,,,,,,,,,,,,,,,,,,uga_rbf_kme,DBS:AC>GG,True,True,,,,,,,
uga_kme,data\kernel_basis_diagnostics.csv,kucab_damage_class,,,,,,,,,,,,,,,,,,,,,,,,,,uga_rbf_kme,DBS:AC>GT,True,True,,,,,,,
uga_kme,data\kernel_basis_diagnostics.csv,kucab_damage_class,,,,,,,,,,,,,,,,,,,,,,,,,,uga_rbf_kme,DBS:AC>TA,True,True,,,,,,,
uga_kme,data\kernel_basis_diagnostics.csv,kucab_damage_class,,,,,,,,,,,,,,,,,,,,,,,,,,uga_rbf_kme,DBS:AC>TG,True,True,,,,,,,
uga_kme,data\kernel_basis_diagnostics.csv,kucab_damage_class,,,,,,,,,,,,,,,,,,,,,,,,,,uga_rbf_kme,DBS:AC>TT,True,True,,,,,,,
uga_kme,data\kernel_basis_diagnostics.csv,kucab_damage_class,,,,,,,,,,,,,,,,,,,,,,,,,,uga_rbf_kme,DBS:AT>CA,True,True,,,,,,,
uga_kme,data\kernel_basis_diagnostics.csv,kucab_damage_class,,,,,,,,,,,,,,,,,,,,,,,,,,uga_rbf_kme,DBS:AT>CC,True,True,,,,,,,
uga_kme,data\kernel_basis_diagnostics.csv,kucab_damage_class,,,,,,,,,,,,,,,,,,,,,,,,,,uga_rbf_kme,DBS:AT>CG,True,True,,,,,,,
uga_kme,data\kernel_basis_diagnostics.csv,kucab_damage_class,,,,,,,,,,,,,,,,,,,,,,,,,,uga_rbf_kme,DBS:AT>GA,True,True,,,,,,,
uga_kme,data\kernel_basis_diagnostics.csv,kucab_damage_class,,,,,,,,,,,,,,,,,,,,,,,,,,uga_rbf_kme,DBS:AT>GC,True,True,,,,,,,
uga_kme,data\kernel_basis_diagnostics.csv,kucab_damage_class,,,,,,,,,,,,,,,,,,,,,,,,,,uga_rbf_kme,DBS:AT>TA,True,True,,,,,,,
uga_kme,data\kernel_basis_diagnostics.csv,kucab_damage_class,,,,,,,,,,,,,,,,,,,,,,,,,,uga_rbf_kme,DBS:CC>AA,True,True,,,,,,,
uga_kme,data\kernel_basis_diagnostics.csv,kucab_damage_class,,,,,,,,,,,,,,,,,,,,,,,,,,uga_rbf_kme,DBS:CC>AG,True,True,,,,,,,
uga_kme,data\kernel_basis_diagnostics.csv,kucab_damage_class,,,,,,,,,,,,,,,,,,,,,,,,,,uga_rbf_kme,DBS:CC>AT,True,True,,,,,,,
uga_kme,data\kernel_basis_diagnostics.csv,kucab_damage_class,,,,,,,,,,,,,,,,,,,,,,,,,,uga_rbf_kme,DBS:CC>GA,True,True,,,,,,,
uga_kme,data\kernel_basis_diagnostics.csv,kucab_damage_class,,,,,,,,,,,,,,,,,,,,,,,,,,uga_rbf_kme,DBS:CC>GG,True,True,,,,,,,
uga_kme,data\kernel_basis_diagnostics.csv,kucab_damage_class,,,,,,,,,,,,,,,,,,,,,,,,,,uga_rbf_kme,DBS:CC>GT,True,True,,,,,,,
uga_kme,data\kernel_basis_diagnostics.csv,kucab_damage_class,,,,,,,,,,,,,,,,,,,,,,,,,,uga_rbf_kme,DBS:CC>TA,True,True,,,,,,,
uga_kme,data\kernel_basis_diagnostics.csv,kucab_damage_class,,,,,,,,,,,,,,,,,,,,,,,,,,uga_rbf_kme,DBS:CC>TG,True,True,,,,,,,
uga_kme,data\kernel_basis_diagnostics.csv,kucab_damage_class,,,,,,,,,,,,,,,,,,,,,,,,,,uga_rbf_kme,DBS:CC>TT,True,True,,,,,,,
uga_kme,data\kernel_basis_diagnostics.csv,kucab_damage_class,,,,,,,,,,,,,,,,,,,,,,,,,,uga_rbf_kme,DBS:CG>AT,True,True,,,,,,,
uga_kme,data\kernel_basis_diagnostics.csv,kucab_damage_class,,,,,,,,,,,,,,,,,,,,,,,,,,uga_rbf_kme,DBS:CG>GC,True,True,,,,,,,
uga_kme,data\kernel_basis_diagnostics.csv,kucab_damage_class,,,,,,,,,,,,,,,,,,,,,,,,,,uga_rbf_kme,DBS:CG>GT,True,True,,,,,,,
uga_kme,data\kernel_basis_diagnostics.csv,kucab_damage_class,,,,,,,,,,,,,,,,,,,,,,,,,,uga_rbf_kme,DBS:CG>TA,True,True,,,,,,,
uga_kme,data\kernel_basis_diagnostics.csv,kucab_damage_class,,,,,,,,,,,,,,,,,,,,,,,,,,uga_rbf_kme,DBS:CG>TC,True,True,,,,,,,
uga_kme,data\kernel_basis_diagnostics.csv,kucab_damage_class,,,,,,,,,,,,,,,,,,,,,,,,,,uga_rbf_kme,DBS:CG>TT,True,True,,,,,,,
uga_kme,data\kernel_basis_diagnostics.csv,kucab_damage_class,,,,,,,,,,,,,,,,,,,,,,,,,,uga_rbf_kme,DBS:CT>AA,True,True,,,,,,,
uga_kme,data\kernel_basis_diagnostics.csv,kucab_damage_class,,,,,,,,,,,,,,,,,,,,,,,,,,uga_rbf_kme,DBS:CT>AC,True,True,,,,,,,
uga_kme,data\kernel_basis_diagnostics.csv,kucab_damage_class,,,,,,,,,,,,,,,,,,,,,,,,,,uga_rbf_kme,DBS:CT>AG,True,True,,,,,,,
uga_kme,data\kernel_basis_diagnostics.csv,kucab_damage_class,,,,,,,,,,,,,,,,,,,,,,,,,,uga_rbf_kme,DBS:CT>GA,True,True,,,,,,,
uga_kme,data\kernel_basis_diagnostics.csv,kucab_damage_class,,,,,,,,,,,,,,,,,,,,,,,,,,uga_rbf_kme,DBS:CT>GC,True,True,,,,,,,
uga_kme,data\kernel_basis_diagnostics.csv,kucab_damage_class,,,,,,,,,,,,,,,,,,,,,,,,,,uga_rbf_kme,DBS:CT>GG,True,True,,,,,,,
uga_kme,data\kernel_basis_diagnostics.csv,kucab_damage_class,,,,,,,,,,,,,,,,,,,,,,,,,,uga_rbf_kme,DBS:CT>TA,True,True,,,,,,,
uga_kme,data\kernel_basis_diagnostics.csv,kucab_damage_class,,,,,,,,,,,,,,,,,,,,,,,,,,uga_rbf_kme,DBS:CT>TC,True,True,,,,,,,
uga_kme,data\kernel_basis_diagnostics.csv,kucab_damage_class,,,,,,,,,,,,,,,,,,,,,,,,,,uga_rbf_kme,DBS:CT>TG,True,True,,,,,,,
uga_kme,data\kernel_basis_diagnostics.csv,kucab_damage_class,,,,,,,,,,,,,,,,,,,,,,,,,,uga_rbf_kme,DBS:GC>AA,True,True,,,,,,,
uga_kme,data\kernel_basis_diagnostics.csv,kucab_damage_class,,,,,,,,,,,,,,,,,,,,,,,,,,uga_rbf_kme,DBS:GC>AG,True,True,,,,,,,
uga_kme,data\kernel_basis_diagnostics.csv,kucab_damage_class,,,,,,,,,,,,,,,,,,,,,,,,,,uga_rbf_kme,DBS:GC>AT,True,True,,,,,,,
uga_kme,data\kernel_basis_diagnostics.csv,kucab_damage_class,,,,,,,,,,,,,,,,,,,,,,,,,,uga_rbf_kme,DBS:GC>CA,True,True,,,,,,,
uga_kme,data\kernel_basis_diagnostics.csv,kucab_damage_class,,,,,,,,,,,,,,,,,,,,,,,,,,uga_rbf_kme,DBS:GC>CG,True,True,,,,,,,
uga_kme,data\kernel_basis_diagnostics.csv,kucab_damage_class,,,,,,,,,,,,,,,,,,,,,,,,,,uga_rbf_kme,DBS:GC>TA,True,True,,,,,,,
uga_kme,data\kernel_basis_diagnostics.csv,kucab_damage_class,,,,,,,,,,,,,,,,,,,,,,,,,,uga_rbf_kme,DBS:TA>AT,True,True,,,,,,,
uga_kme,data\kernel_basis_diagnostics.csv,kucab_damage_class,,,,,,,,,,,,,,,,,,,,,,,,,,uga_rbf_kme,DBS:TA>CG,True,True,,,,,,,
uga_kme,data\kernel_basis_diagnostics.csv,kucab_damage_class,,,,,,,,,,,,,,,,,,,,,,,,,,uga_rbf_kme,DBS:TA>CT,True,True,,,,,,,
uga_kme,data\kernel_basis_diagnostics.csv,kucab_damage_class,,,,,,,,,,,,,,,,,,,,,,,,,,uga_rbf_kme,DBS:TA>GC,True,True,,,,,,,
uga_kme,data\kernel_basis_diagnostics.csv,kucab_damage_class,,,,,,,,,,,,,,,,,,,,,,,,,,uga_rbf_kme,DBS:TA>GG,True,True,,,,,,,
uga_kme,data\kernel_basis_diagnostics.csv,kucab_damage_class,,,,,,,,,,,,,,,,,,,,,,,,,,uga_rbf_kme,DBS:TA>GT,True,True,,,,,,,
uga_kme,data\kernel_basis_diagnostics.csv,kucab_damage_class,,,,,,,,,,,,,,,,,,,,,,,,,,uga_rbf_kme,DBS:TC>AA,True,True,,,,,,,
uga_kme,data\kernel_basis_diagnostics.csv,kucab_damage_class,,,,,,,,,,,,,,,,,,,,,,,,,,uga_rbf_kme,DBS:TC>AG,True,True,,,,,,,
uga_kme,data\kernel_basis_diagnostics.csv,kucab_damage_class,,,,,,,,,,,,,,,,,,,,,,,,,,uga_rbf_kme,DBS:TC>AT,True,True,,,,,,,
uga_kme,data\kernel_basis_diagnostics.csv,kucab_damage_class,,,,,,,,,,,,,,,,,,,,,,,,,,uga_rbf_kme,DBS:TC>CA,True,True,,,,,,,
uga_kme,data\kernel_basis_diagnostics.csv,kucab_damage_class,,,,,,,,,,,,,,,,,,,,,,,,,,uga_rbf_kme,DBS:TC>CG,True,True,,,,,,,
uga_kme,data\kernel_basis_diagnostics.csv,kucab_damage_class,,,,,,,,,,,,,,,,,,,,,,,,,,uga_rbf_kme,DBS:TC>CT,True,True,,,,,,,
uga_kme,data\kernel_basis_diagnostics.csv,kucab_damage_class,,,,,,,,,,,,,,,,,,,,,,,,,,uga_rbf_kme,DBS:TC>GA,True,True,,,,,,,
uga_kme,data\kernel_basis_diagnostics.csv,kucab_damage_class,,,,,,,,,,,,,,,,,,,,,,,,,,uga_rbf_kme,DBS:TC>GG,True,True,,,,,,,
uga_kme,data\kernel_basis_diagnostics.csv,kucab_damage_class,,,,,,,,,,,,,,,,,,,,,,,,,,uga_rbf_kme,DBS:TC>GT,True,True,,,,,,,
uga_kme,data\kernel_basis_diagnostics.csv,kucab_damage_class,,,,,,,,,,,,,,,,,,,,,,,,,,uga_rbf_kme,DBS:TG>AA,True,True,,,,,,,
uga_kme,data\kernel_basis_diagnostics.csv,kucab_damage_class,,,,,,,,,,,,,,,,,,,,,,,,,,uga_rbf_kme,DBS:TG>AC,True,True,,,,,,,
uga_kme,data\kernel_basis_diagnostics.csv,kucab_damage_class,,,,,,,,,,,,,,,,,,,,,,,,,,uga_rbf_kme,DBS:TG>AT,True,True,,,,,,,
uga_kme,data\kernel_basis_diagnostics.csv,kucab_damage_class,,,,,,,,,,,,,,,,,,,,,,,,,,uga_rbf_kme,DBS:TG>CA,True,True,,,,,,,
uga_kme,data\kernel_basis_diagnostics.csv,kucab_damage_class,,,,,,,,,,,,,,,,,,,,,,,,,,uga_rbf_kme,DBS:TG>CC,True,True,,,,,,,
uga_kme,data\kernel_basis_diagnostics.csv,kucab_damage_class,,,,,,,,,,,,,,,,,,,,,,,,,,uga_rbf_kme,DBS:TG>CT,True,True,,,,,,,
uga_kme,data\kernel_basis_diagnostics.csv,kucab_damage_class,,,,,,,,,,,,,,,,,,,,,,,,,,uga_rbf_kme,DBS:TG>GA,True,True,,,,,,,
uga_kme,data\kernel_basis_diagnostics.csv,kucab_damage_class,,,,,,,,,,,,,,,,,,,,,,,,,,uga_rbf_kme,DBS:TG>GC,True,True,,,,,,,
uga_kme,data\kernel_basis_diagnostics.csv,kucab_damage_class,,,,,,,,,,,,,,,,,,,,,,,,,,uga_rbf_kme,DBS:TG>GT,True,True,,,,,,,
uga_kme,data\kernel_basis_diagnostics.csv,kucab_damage_class,,,,,,,,,,,,,,,,,,,,,,,,,,uga_rbf_kme,DBS:TT>AA,True,True,,,,,,,
uga_kme,data\kernel_basis_diagnostics.csv,kucab_damage_class,,,,,,,,,,,,,,,,,,,,,,,,,,uga_rbf_kme,DBS:TT>AC,True,True,,,,,,,
uga_kme,data\kernel_basis_diagnostics.csv,kucab_damage_class,,,,,,,,,,,,,,,,,,,,,,,,,,uga_rbf_kme,DBS:TT>AG,True,True,,,,,,,
uga_kme,data\kernel_basis_diagnostics.csv,kucab_damage_class,,,,,,,,,,,,,,,,,,,,,,,,,,uga_rbf_kme,DBS:TT>CA,True,True,,,,,,,
uga_kme,data\kernel_basis_diagnostics.csv,kucab_damage_class,,,,,,,,,,,,,,,,,,,,,,,,,,uga_rbf_kme,DBS:TT>CC,True,True,,,,,,,
uga_kme,data\kernel_basis_diagnostics.csv,kucab_damage_class,,,,,,,,,,,,,,,,,,,,,,,,,,uga_rbf_kme,DBS:TT>CG,True,True,,,,,,,
uga_kme,data\kernel_basis_diagnostics.csv,kucab_damage_class,,,,,,,,,,,,,,,,,,,,,,,,,,uga_rbf_kme,DBS:TT>GA,True,True,,,,,,,
uga_kme,data\kernel_basis_diagnostics.csv,kucab_damage_class,,,,,,,,,,,,,,,,,,,,,,,,,,uga_rbf_kme,DBS:TT>GC,True,True,,,,,,,
uga_kme,data\kernel_basis_diagnostics.csv,kucab_damage_class,,,,,,,,,,,,,,,,,,,,,,,,,,uga_rbf_kme,DBS:TT>GG,True,True,,,,,,,
uga_kme,data\kernel_basis_diagnostics.csv,kucab_damage_class,,,,,,,,,,,,,,,,,,,,,,,,,,uga_rbf_kme,ID:1:Del:C:0,True,True,,,,,,,
uga_kme,data\kernel_basis_diagnostics.csv,kucab_damage_class,,,,,,,,,,,,,,,,,,,,,,,,,,uga_rbf_kme,ID:1:Del:C:1,True,True,,,,,,,
uga_kme,data\kernel_basis_diagnostics.csv,kucab_damage_class,,,,,,,,,,,,,,,,,,,,,,,,,,uga_rbf_kme,ID:1:Del:C:2,True,True,,,,,,,
uga_kme,data\kernel_basis_diagnostics.csv,kucab_damage_class,,,,,,,,,,,,,,,,,,,,,,,,,,uga_rbf_kme,ID:1:Del:C:3,True,True,,,,,,,
uga_kme,data\kernel_basis_diagnostics.csv,kucab_damage_class,,,,,,,,,,,,,,,,,,,,,,,,,,uga_rbf_kme,ID:1:Del:C:4,True,True,,,,,,,
uga_kme,data\kernel_basis_diagnostics.csv,kucab_damage_class,,,,,,,,,,,,,,,,,,,,,,,,,,uga_rbf_kme,ID:1:Del:C:5,True,True,,,,,,,
uga_kme,data\kernel_basis_diagnostics.csv,kucab_damage_class,,,,,,,,,,,,,,,,,,,,,,,,,,uga_rbf_kme,ID:1:Del:T:0,True,True,,,,,,,
uga_kme,data\kernel_basis_diagnostics.csv,kucab_damage_class,,,,,,,,,,,,,,,,,,,,,,,,,,uga_rbf_kme,ID:1:Del:T:1,True,True,,,,,,,
uga_kme,data\kernel_basis_diagnostics.csv,kucab_damage_class,,,,,,,,,,,,,,,,,,,,,,,,,,uga_rbf_kme,ID:1:Del:T:2,True,True,,,,,,,
uga_kme,data\kernel_basis_diagnostics.csv,kucab_damage_class,,,,,,,,,,,,,,,,,,,,,,,,,,uga_rbf_kme,ID:1:Del:T:3,True,True,,,,,,,
uga_kme,data\kernel_basis_diagnostics.csv,kucab_damage_class,,,,,,,,,,,,,,,,,,,,,,,,,,uga_rbf_kme,ID:1:Del:T:4,True,True,,,,,,,
uga_kme,data\kernel_basis_diagnostics.csv,kucab_damage_class,,,,,,,,,,,,,,,,,,,,,,,,,,uga_rbf_kme,ID:1:Del:T:5,True,True,,,,,,,
uga_kme,data\kernel_basis_diagnostics.csv,kucab_damage_class,,,,,,,,,,,,,,,,,,,,,,,,,,uga_rbf_kme,ID:1:Ins:C:0,True,True,,,,,,,
uga_kme,data\kernel_basis_diagnostics.csv,kucab_damage_class,,,,,,,,,,,,,,,,,,,,,,,,,,uga_rbf_kme,ID:1:Ins:C:1,True,True,,,,,,,
uga_kme,data\kernel_basis_diagnostics.csv,kucab_damage_class,,,,,,,,,,,,,,,,,,,,,,,,,,uga_rbf_kme,ID:1:Ins:C:2,True,True,,,,,,,
uga_kme,data\kernel_basis_diagnostics.csv,kucab_damage_class,,,,,,,,,,,,,,,,,,,,,,,,,,uga_rbf_kme,ID:1:Ins:C:3,True,True,,,,,,,
uga_kme,data\kernel_basis_diagnostics.csv,kucab_damage_class,,,,,,,,,,,,,,,,,,,,,,,,,,uga_rbf_kme,ID:1:Ins:C:4,True,True,,,,,,,
uga_kme,data\kernel_basis_diagnostics.csv,kucab_damage_class,,,,,,,,,,,,,,,,,,,,,,,,,,uga_rbf_kme,ID:1:Ins:C:5,True,True,,,,,,,
uga_kme,data\kernel_basis_diagnostics.csv,kucab_damage_class,,,,,,,,,,,,,,,,,,,,,,,,,,uga_rbf_kme,ID:1:Ins:T:0,True,True,,,,,,,
uga_kme,data\kernel_basis_diagnostics.csv,kucab_damage_class,,,,,,,,,,,,,,,,,,,,,,,,,,uga_rbf_kme,ID:1:Ins:T:1,True,True,,,,,,,
uga_kme,data\kernel_basis_diagnostics.csv,kucab_damage_class,,,,,,,,,,,,,,,,,,,,,,,,,,uga_rbf_kme,ID:1:Ins:T:2,True,True,,,,,,,
uga_kme,data\kernel_basis_diagnostics.csv,kucab_damage_class,,,,,,,,,,,,,,,,,,,,,,,,,,uga_rbf_kme,ID:1:Ins:T:3,True,True,,,,,,,
uga_kme,data\kernel_basis_diagnostics.csv,kucab_damage_class,,,,,,,,,,,,,,,,,,,,,,,,,,uga_rbf_kme,ID:1:Ins:T:4,True,True,,,,,,,
uga_kme,data\kernel_basis_diagnostics.csv,kucab_damage_class,,,,,,,,,,,,,,,,,,,,,,,,,,uga_rbf_kme,ID:1:Ins:T:5,True,True,,,,,,,
uga_kme,data\kernel_basis_diagnostics.csv,kucab_damage_class,,,,,,,,,,,,,,,,,,,,,,,,,,uga_rbf_kme,ID:2:Del:R:0,True,True,,,,,,,
uga_kme,data\kernel_basis_diagnostics.csv,kucab_damage_class,,,,,,,,,,,,,,,,,,,,,,,,,,uga_rbf_kme,ID:2:Del:R:1,True,True,,,,,,,
uga_kme,data\kernel_basis_diagnostics.csv,kucab_damage_class,,,,,,,,,,,,,,,,,,,,,,,,,,uga_rbf_kme,ID:2:Del:R:2,True,True,,,,,,,
uga_kme,data\kernel_basis_diagnostics.csv,kucab_damage_class,,,,,,,,,,,,,,,,,,,,,,,,,,uga_rbf_kme,ID:2:Del:R:3,True,True,,,,,,,
uga_kme,data\kernel_basis_diagnostics.csv,kucab_damage_class,,,,,,,,,,,,,,,,,,,,,,,,,,uga_rbf_kme,ID:2:Del:R:4,True,True,,,,,,,
uga_kme,data\kernel_basis_diagnostics.csv,kucab_damage_class,,,,,,,,,,,,,,,,,,,,,,,,,,uga_rbf_kme,ID:2:Del:R:5,True,True,,,,,,,
uga_kme,data\kernel_basis_diagnostics.csv,kucab_damage_class,,,,,,,,,,,,,,,,,,,,,,,,,,uga_rbf_kme,ID:3:Del:R:0,True,True,,,,,,,
uga_kme,data\kernel_basis_diagnostics.csv,kucab_damage_class,,,,,,,,,,,,,,,,,,,,,,,,,,uga_rbf_kme,ID:3:Del:R:1,True,True,,,,,,,
uga_kme,data\kernel_basis_diagnostics.csv,kucab_damage_class,,,,,,,,,,,,,,,,,,,,,,,,,,uga_rbf_kme,ID:3:Del:R:2,True,True,,,,,,,
uga_kme,data\kernel_basis_diagnostics.csv,kucab_damage_class,,,,,,,,,,,,,,,,,,,,,,,,,,uga_rbf_kme,ID:3:Del:R:3,True,True,,,,,,,
uga_kme,data\kernel_basis_diagnostics.csv,kucab_damage_class,,,,,,,,,,,,,,,,,,,,,,,,,,uga_rbf_kme,ID:3:Del:R:4,True,True,,,,,,,
uga_kme,data\kernel_basis_diagnostics.csv,kucab_damage_class,,,,,,,,,,,,,,,,,,,,,,,,,,uga_rbf_kme,ID:3:Del:R:5,True,True,,,,,,,
uga_kme,data\kernel_basis_diagnostics.csv,kucab_damage_class,,,,,,,,,,,,,,,,,,,,,,,,,,uga_rbf_kme,ID:4:Del:R:0,True,True,,,,,,,
uga_kme,data\kernel_basis_diagnostics.csv,kucab_damage_class,,,,,,,,,,,,,,,,,,,,,,,,,,uga_rbf_kme,ID:4:Del:R:1,True,True,,,,,,,
uga_kme,data\kernel_basis_diagnostics.csv,kucab_damage_class,,,,,,,,,,,,,,,,,,,,,,,,,,uga_rbf_kme,ID:4:Del:R:2,True,True,,,,,,,
uga_kme,data\kernel_basis_diagnostics.csv,kucab_damage_class,,,,,,,,,,,,,,,,,,,,,,,,,,uga_rbf_kme,ID:4:Del:R:3,True,True,,,,,,,
uga_kme,data\kernel_basis_diagnostics.csv,kucab_damage_class,,,,,,,,,,,,,,,,,,,,,,,,,,uga_rbf_kme,ID:4:Del:R:4,True,True,,,,,,,
uga_kme,data\kernel_basis_diagnostics.csv,kucab_damage_class,,,,,,,,,,,,,,,,,,,,,,,,,,uga_rbf_kme,ID:4:Del:R:5,True,True,,,,,,,
uga_kme,data\kernel_basis_diagnostics.csv,kucab_damage_class,,,,,,,,,,,,,,,,,,,,,,,,,,uga_rbf_kme,ID:5:Del:R:0,True,True,,,,,,,
uga_kme,data\kernel_basis_diagnostics.csv,kucab_damage_class,,,,,,,,,,,,,,,,,,,,,,,,,,uga_rbf_kme,ID:5:Del:R:1,True,True,,,,,,,
uga_kme,data\kernel_basis_diagnostics.csv,kucab_damage_class,,,,,,,,,,,,,,,,,,,,,,,,,,uga_rbf_kme,ID:5:Del:R:2,True,True,,,,,,,
uga_kme,data\kernel_basis_diagnostics.csv,kucab_damage_class,,,,,,,,,,,,,,,,,,,,,,,,,,uga_rbf_kme,ID:5:Del:R:3,True,True,,,,,,,
uga_kme,data\kernel_basis_diagnostics.csv,kucab_damage_class,,,,,,,,,,,,,,,,,,,,,,,,,,uga_rbf_kme,ID:5:Del:R:4,True,True,,,,,,,
uga_kme,data\kernel_basis_diagnostics.csv,kucab_damage_class,,,,,,,,,,,,,,,,,,,,,,,,,,uga_rbf_kme,ID:5:Del:R:5,True,True,,,,,,,
uga_kme,data\kernel_basis_diagnostics.csv,kucab_damage_class,,,,,,,,,,,,,,,,,,,,,,,,,,uga_rbf_kme,ID:2:Ins:R:0,True,True,,,,,,,
uga_kme,data\kernel_basis_diagnostics.csv,kucab_damage_class,,,,,,,,,,,,,,,,,,,,,,,,,,uga_rbf_kme,ID:2:Ins:R:1,True,True,,,,,,,
uga_kme,data\kernel_basis_diagnostics.csv,kucab_damage_class,,,,,,,,,,,,,,,,,,,,,,,,,,uga_rbf_kme,ID:2:Ins:R:2,True,True,,,,,,,
uga_kme,data\kernel_basis_diagnostics.csv,kucab_damage_class,,,,,,,,,,,,,,,,,,,,,,,,,,uga_rbf_kme,ID:2:Ins:R:3,True,True,,,,,,,
uga_kme,data\kernel_basis_diagnostics.csv,kucab_damage_class,,,,,,,,,,,,,,,,,,,,,,,,,,uga_rbf_kme,ID:2:Ins:R:4,True,True,,,,,,,
uga_kme,data\kernel_basis_diagnostics.csv,kucab_damage_class,,,,,,,,,,,,,,,,,,,,,,,,,,uga_rbf_kme,ID:2:Ins:R:5,True,True,,,,,,,
uga_kme,data\kernel_basis_diagnostics.csv,kucab_damage_class,,,,,,,,,,,,,,,,,,,,,,,,,,uga_rbf_kme,ID:3:Ins:R:0,True,True,,,,,,,
uga_kme,data\kernel_basis_diagnostics.csv,kucab_damage_class,,,,,,,,,,,,,,,,,,,,,,,,,,uga_rbf_kme,ID:3:Ins:R:1,True,True,,,,,,,
uga_kme,data\kernel_basis_diagnostics.csv,kucab_damage_class,,,,,,,,,,,,,,,,,,,,,,,,,,uga_rbf_kme,ID:3:Ins:R:2,True,True,,,,,,,
uga_kme,data\kernel_basis_diagnostics.csv,kucab_damage_class,,,,,,,,,,,,,,,,,,,,,,,,,,uga_rbf_kme,ID:3:Ins:R:3,True,True,,,,,,,
uga_kme,data\kernel_basis_diagnostics.csv,kucab_damage_class,,,,,,,,,,,,,,,,,,,,,,,,,,uga_rbf_kme,ID:3:Ins:R:4,True,True,,,,,,,
uga_kme,data\kernel_basis_diagnostics.csv,kucab_damage_class,,,,,,,,,,,,,,,,,,,,,,,,,,uga_rbf_kme,ID:3:Ins:R:5,True,True,,,,,,,
uga_kme,data\kernel_basis_diagnostics.csv,kucab_damage_class,,,,,,,,,,,,,,,,,,,,,,,,,,uga_rbf_kme,ID:4:Ins:R:0,True,True,,,,,,,
uga_kme,data\kernel_basis_diagnostics.csv,kucab_damage_class,,,,,,,,,,,,,,,,,,,,,,,,,,uga_rbf_kme,ID:4:Ins:R:1,True,True,,,,,,,
uga_kme,data\kernel_basis_diagnostics.csv,kucab_damage_class,,,,,,,,,,,,,,,,,,,,,,,,,,uga_rbf_kme,ID:4:Ins:R:2,True,True,,,,,,,
uga_kme,data\kernel_basis_diagnostics.csv,kucab_damage_class,,,,,,,,,,,,,,,,,,,,,,,,,,uga_rbf_kme,ID:4:Ins:R:3,True,True,,,,,,,
uga_kme,data\kernel_basis_diagnostics.csv,kucab_damage_class,,,,,,,,,,,,,,,,,,,,,,,,,,uga_rbf_kme,ID:4:Ins:R:4,True,True,,,,,,,
uga_kme,data\kernel_basis_diagnostics.csv,kucab_damage_class,,,,,,,,,,,,,,,,,,,,,,,,,,uga_rbf_kme,ID:4:Ins:R:5,True,True,,,,,,,
uga_kme,data\kernel_basis_diagnostics.csv,kucab_damage_class,,,,,,,,,,,,,,,,,,,,,,,,,,uga_rbf_kme,ID:5:Ins:R:0,True,True,,,,,,,
uga_kme,data\kernel_basis_diagnostics.csv,kucab_damage_class,,,,,,,,,,,,,,,,,,,,,,,,,,uga_rbf_kme,ID:5:Ins:R:1,True,True,,,,,,,
uga_kme,data\kernel_basis_diagnostics.csv,kucab_damage_class,,,,,,,,,,,,,,,,,,,,,,,,,,uga_rbf_kme,ID:5:Ins:R:2,True,True,,,,,,,
uga_kme,data\kernel_basis_diagnostics.csv,kucab_damage_class,,,,,,,,,,,,,,,,,,,,,,,,,,uga_rbf_kme,ID:5:Ins:R:3,True,True,,,,,,,
uga_kme,data\kernel_basis_diagnostics.csv,kucab_damage_class,,,,,,,,,,,,,,,,,,,,,,,,,,uga_rbf_kme,ID:5:Ins:R:4,True,True,,,,,,,
uga_kme,data\kernel_basis_diagnostics.csv,kucab_damage_class,,,,,,,,,,,,,,,,,,,,,,,,,,uga_rbf_kme,ID:5:Ins:R:5,True,True,,,,,,,
uga_kme,data\kernel_basis_diagnostics.csv,kucab_damage_class,,,,,,,,,,,,,,,,,,,,,,,,,,uga_rbf_kme,ID:2:Del:M:1,True,True,,,,,,,
uga_kme,data\kernel_basis_diagnostics.csv,kucab_damage_class,,,,,,,,,,,,,,,,,,,,,,,,,,uga_rbf_kme,ID:3:Del:M:1,True,True,,,,,,,
uga_kme,data\kernel_basis_diagnostics.csv,kucab_damage_class,,,,,,,,,,,,,,,,,,,,,,,,,,uga_rbf_kme,ID:3:Del:M:2,True,True,,,,,,,
uga_kme,data\kernel_basis_diagnostics.csv,kucab_damage_class,,,,,,,,,,,,,,,,,,,,,,,,,,uga_rbf_kme,ID:4:Del:M:1,True,True,,,,,,,
uga_kme,data\kernel_basis_diagnostics.csv,kucab_damage_class,,,,,,,,,,,,,,,,,,,,,,,,,,uga_rbf_kme,ID:4:Del:M:2,True,True,,,,,,,
uga_kme,data\kernel_basis_diagnostics.csv,kucab_damage_class,,,,,,,,,,,,,,,,,,,,,,,,,,uga_rbf_kme,ID:4:Del:M:3,True,True,,,,,,,
uga_kme,data\kernel_basis_diagnostics.csv,kucab_damage_class,,,,,,,,,,,,,,,,,,,,,,,,,,uga_rbf_kme,ID:5:Del:M:1,True,True,,,,,,,
uga_kme,data\kernel_basis_diagnostics.csv,kucab_damage_class,,,,,,,,,,,,,,,,,,,,,,,,,,uga_rbf_kme,ID:5:Del:M:2,True,True,,,,,,,
uga_kme,data\kernel_basis_diagnostics.csv,kucab_damage_class,,,,,,,,,,,,,,,,,,,,,,,,,,uga_rbf_kme,ID:5:Del:M:3,True,True,,,,,,,
uga_kme,data\kernel_basis_diagnostics.csv,kucab_damage_class,,,,,,,,,,,,,,,,,,,,,,,,,,uga_rbf_kme,ID:5:Del:M:4,True,True,,,,,,,
uga_kme,data\kernel_basis_diagnostics.csv,kucab_damage_class,,,,,,,,,,,,,,,,,,,,,,,,,,uga_rbf_kme,ID:5:Del:M:5,True,True,,,,,,,
uga_kme,tables\family_summary.csv,kucab_damage_class,,kucab,,,,,,,,,,,,,,,,,,,,,,,,,,,,1.0,-0.0263787727921629,-0.0263787727921629,0.0,-0.0476012584711338,-0.0476012584711338,0.0
uga_kme,tables\family_summary.csv,mc3_hrd_kmt2c,,hrd,,,,,,,,,,,,,,,,,,,,,,,,,,,,10.0,0.0609349268594166,0.060608876458983,10.0,0.0040312550409916,0.0039856026342518,9.0
uga_kme,tables\family_summary.csv,mc3_hrd_kmt2c,,mc3_clinical,,,,,,,,,,,,,,,,,,,,,,,,,,,,5.0,0.000359828066147,-0.0007085241097898,2.0,-0.0003212881371627,0.0005342870261226,3.0
uga_kme,tables\family_summary.csv,mc3_hrd_kmt2c,,mc3_kmt2c_supportive,,,,,,,,,,,,,,,,,,,,,,,,,,,,1.0,0.0911513859275054,0.0911513859275054,1.0,0.0060301172707889,0.0060301172707889,1.0
