repeat,fold,n_train,n_test,fold_spearman,fold_mae,suite,endpoint,task,feature_set,fold_auroc,fold_balanced_accuracy
1,1,617,155,0.4565149275462635,3.749557090574695,tcga_brca_hrd,HRD_LOH,regression,burden_only,,
1,2,617,155,0.5856705737756221,3.5069738787989464,tcga_brca_hrd,HRD_LOH,regression,burden_only,,
1,3,618,154,0.5705117205758272,3.613519902353163,tcga_brca_hrd,HRD_LOH,regression,burden_only,,
1,4,618,154,0.4809993580087759,3.5240759942438697,tcga_brca_hrd,HRD_LOH,regression,burden_only,,
1,5,618,154,0.4431492027916242,3.704199290894843,tcga_brca_hrd,HRD_LOH,regression,burden_only,,
1,1,617,155,0.5642024485103859,3.249054821075932,tcga_brca_hrd,HRD_LOH,regression,locked_uga_sbs_exposure,,
1,2,617,155,0.4823816888614564,3.5769089575736754,tcga_brca_hrd,HRD_LOH,regression,locked_uga_sbs_exposure,,
1,3,618,154,0.5604051161366168,3.36689952906076,tcga_brca_hrd,HRD_LOH,regression,locked_uga_sbs_exposure,,
1,4,618,154,0.5492936842718644,3.571553299953411,tcga_brca_hrd,HRD_LOH,regression,locked_uga_sbs_exposure,,
1,5,618,154,0.5838429108032446,3.2630821621263184,tcga_brca_hrd,HRD_LOH,regression,locked_uga_sbs_exposure,,
1,1,617,155,0.5960388296501451,3.314045832234044,tcga_brca_hrd,HRD_LOH,regression,locked_uga_sbs_id_exposure,,
1,2,617,155,0.5909241068529163,2.971007394790649,tcga_brca_hrd,HRD_LOH,regression,locked_uga_sbs_id_exposure,,
1,3,618,154,0.4797462005928146,3.6098147986771214,tcga_brca_hrd,HRD_LOH,regression,locked_uga_sbs_id_exposure,,
1,4,618,154,0.6055298687233894,3.976805109482307,tcga_brca_hrd,HRD_LOH,regression,locked_uga_sbs_id_exposure,,
1,5,618,154,0.4808479621852591,2.8812001293355767,tcga_brca_hrd,HRD_LOH,regression,locked_uga_sbs_id_exposure,,
1,1,617,155,0.5441268578330227,3.205353683040988,tcga_brca_hrd,HRD_LOH,regression,standard_sbs_exposure,,
1,2,617,155,0.5445114633994489,3.4676510180196454,tcga_brca_hrd,HRD_LOH,regression,standard_sbs_exposure,,
1,3,618,154,0.492370214904921,3.72614383233058,tcga_brca_hrd,HRD_LOH,regression,standard_sbs_exposure,,
1,4,618,154,0.6034200948817297,3.2908160717456374,tcga_brca_hrd,HRD_LOH,regression,standard_sbs_exposure,,
1,5,618,154,0.5931546472277487,3.2318000205151445,tcga_brca_hrd,HRD_LOH,regression,standard_sbs_exposure,,
1,1,617,155,0.5597924213621277,3.2352184741727767,tcga_brca_hrd,HRD_LOH,regression,standard_sbs_id_exposure,,
1,2,617,155,0.5698090461687837,2.894412931319206,tcga_brca_hrd,HRD_LOH,regression,standard_sbs_id_exposure,,
1,3,618,154,0.5664498790218856,3.2877175002903134,tcga_brca_hrd,HRD_LOH,regression,standard_sbs_id_exposure,,
1,4,618,154,0.5989858115572814,3.593459042635831,tcga_brca_hrd,HRD_LOH,regression,standard_sbs_id_exposure,,
1,5,618,154,0.563112005593259,3.644175083606274,tcga_brca_hrd,HRD_LOH,regression,standard_sbs_id_exposure,,
1,1,617,155,0.5986576413222745,4.824409894020326,tcga_brca_hrd,HRD_LST,regression,burden_only,,
1,2,617,155,0.521056240251038,5.065430761152698,tcga_brca_hrd,HRD_LST,regression,burden_only,,
1,3,618,154,0.5811134716561307,4.447813721446248,tcga_brca_hrd,HRD_LST,regression,burden_only,,
1,4,618,154,0.654525836593328,4.737564179804418,tcga_brca_hrd,HRD_LST,regression,burden_only,,
1,5,618,154,0.6467854867115446,4.512108985479776,tcga_brca_hrd,HRD_LST,regression,burden_only,,
1,1,617,155,0.7043606070691302,4.168551435778218,tcga_brca_hrd,HRD_LST,regression,locked_uga_sbs_exposure,,
1,2,617,155,0.6301344282528726,4.51438356214954,tcga_brca_hrd,HRD_LST,regression,locked_uga_sbs_exposure,,
1,3,618,154,0.5996103378974852,4.351258943607281,tcga_brca_hrd,HRD_LST,regression,locked_uga_sbs_exposure,,
1,4,618,154,0.7111472172548773,3.980846005600768,tcga_brca_hrd,HRD_LST,regression,locked_uga_sbs_exposure,,
1,5,618,154,0.6471794621183918,3.9061781338282993,tcga_brca_hrd,HRD_LST,regression,locked_uga_sbs_exposure,,
1,1,617,155,0.6054794255719528,4.049634875020673,tcga_brca_hrd,HRD_LST,regression,locked_uga_sbs_id_exposure,,
1,2,617,155,0.7232850135208857,3.6032028875043314,tcga_brca_hrd,HRD_LST,regression,locked_uga_sbs_id_exposure,,
1,3,618,154,0.6613009158835097,4.384100084180956,tcga_brca_hrd,HRD_LST,regression,locked_uga_sbs_id_exposure,,
1,4,618,154,0.6789863974310292,4.631572844146134,tcga_brca_hrd,HRD_LST,regression,locked_uga_sbs_id_exposure,,
1,5,618,154,0.6166675204793143,4.190992463718761,tcga_brca_hrd,HRD_LST,regression,locked_uga_sbs_id_exposure,,
1,1,617,155,0.7110928999138021,3.841554447912401,tcga_brca_hrd,HRD_LST,regression,standard_sbs_exposure,,
1,2,617,155,0.645019026268517,4.241348549627489,tcga_brca_hrd,HRD_LST,regression,standard_sbs_exposure,,
1,3,618,154,0.6364404214925103,3.883052463655348,tcga_brca_hrd,HRD_LST,regression,standard_sbs_exposure,,
1,4,618,154,0.6907865416253042,4.274017686967726,tcga_brca_hrd,HRD_LST,regression,standard_sbs_exposure,,
1,5,618,154,0.7052218691769316,4.326165654442527,tcga_brca_hrd,HRD_LST,regression,standard_sbs_exposure,,
1,1,617,155,0.6784568018417649,4.318292879289197,tcga_brca_hrd,HRD_LST,regression,standard_sbs_id_exposure,,
1,2,617,155,0.613371177217013,3.7457553063669513,tcga_brca_hrd,HRD_LST,regression,standard_sbs_id_exposure,,
1,3,618,154,0.6814233361548547,3.394433002967339,tcga_brca_hrd,HRD_LST,regression,standard_sbs_id_exposure,,
1,4,618,154,0.7050121181319744,4.4915507830582655,tcga_brca_hrd,HRD_LST,regression,standard_sbs_id_exposure,,
1,5,618,154,0.6379750104819747,4.236956438460908,tcga_brca_hrd,HRD_LST,regression,standard_sbs_id_exposure,,
1,1,617,155,0.6394718297784375,12.86565500690091,tcga_brca_hrd,HRD_Score,regression,burden_only,,
1,2,617,155,0.6168702390436762,12.401668499362083,tcga_brca_hrd,HRD_Score,regression,burden_only,,
1,3,618,154,0.6406521659766027,11.49847900093376,tcga_brca_hrd,HRD_Score,regression,burden_only,,
1,4,618,154,0.575529490380811,10.864358641884545,tcga_brca_hrd,HRD_Score,regression,burden_only,,
1,5,618,154,0.6533944815027097,10.94599268033907,tcga_brca_hrd,HRD_Score,regression,burden_only,,
1,1,617,155,0.7339233634283473,10.270534503075384,tcga_brca_hrd,HRD_Score,regression,locked_uga_sbs_exposure,,
1,2,617,155,0.698178356805846,10.595966572915357,tcga_brca_hrd,HRD_Score,regression,locked_uga_sbs_exposure,,
1,3,618,154,0.6322558488861367,11.411250684168431,tcga_brca_hrd,HRD_Score,regression,locked_uga_sbs_exposure,,
1,4,618,154,0.6485751795679957,9.619513270142791,tcga_brca_hrd,HRD_Score,regression,locked_uga_sbs_exposure,,
1,5,618,154,0.6757921391594299,10.816711116146733,tcga_brca_hrd,HRD_Score,regression,locked_uga_sbs_exposure,,
1,1,617,155,0.6733636092671946,10.094854287178286,tcga_brca_hrd,HRD_Score,regression,locked_uga_sbs_id_exposure,,
1,2,617,155,0.6411710144012704,11.474515016617314,tcga_brca_hrd,HRD_Score,regression,locked_uga_sbs_id_exposure,,
1,3,618,154,0.7088611293717838,9.444912607019598,tcga_brca_hrd,HRD_Score,regression,locked_uga_sbs_id_exposure,,
1,4,618,154,0.7218990963027397,9.20035663208404,tcga_brca_hrd,HRD_Score,regression,locked_uga_sbs_id_exposure,,
1,5,618,154,0.6434660109625915,10.462305341448102,tcga_brca_hrd,HRD_Score,regression,locked_uga_sbs_id_exposure,,
1,1,617,155,0.7404672484436324,9.989020267609629,tcga_brca_hrd,HRD_Score,regression,standard_sbs_exposure,,
1,2,617,155,0.7110176837253078,10.36226182137766,tcga_brca_hrd,HRD_Score,regression,standard_sbs_exposure,,
1,3,618,154,0.6817379033007853,9.747807416048916,tcga_brca_hrd,HRD_Score,regression,standard_sbs_exposure,,
1,4,618,154,0.6654489496935627,10.967125415802002,tcga_brca_hrd,HRD_Score,regression,standard_sbs_exposure,,
1,5,618,154,0.6301553073848677,10.984169885709688,tcga_brca_hrd,HRD_Score,regression,standard_sbs_exposure,,
1,1,617,155,0.6702559086377468,10.309017655157271,tcga_brca_hrd,HRD_Score,regression,standard_sbs_id_exposure,,
1,2,617,155,0.7239745472695372,9.62466439277895,tcga_brca_hrd,HRD_Score,regression,standard_sbs_id_exposure,,
1,3,618,154,0.6564912552167331,10.7963488566411,tcga_brca_hrd,HRD_Score,regression,standard_sbs_id_exposure,,
1,4,618,154,0.6682660309435161,10.45998427774999,tcga_brca_hrd,HRD_Score,regression,standard_sbs_id_exposure,,
1,5,618,154,0.7025455061474869,9.479105262013224,tcga_brca_hrd,HRD_Score,regression,standard_sbs_id_exposure,,
1,1,617,155,0.5749786127565844,5.052604244601342,tcga_brca_hrd,HRD_TAI,regression,burden_only,,
1,2,617,155,0.593069014735492,4.579775481070242,tcga_brca_hrd,HRD_TAI,regression,burden_only,,
1,3,618,154,0.5743726099006926,4.60327663978973,tcga_brca_hrd,HRD_TAI,regression,burden_only,,
1,4,618,154,0.6438941121227039,4.463760660840319,tcga_brca_hrd,HRD_TAI,regression,burden_only,,
1,5,618,154,0.669847057878087,4.18954147301711,tcga_brca_hrd,HRD_TAI,regression,burden_only,,
1,1,617,155,0.7282192060258039,3.9697127619097294,tcga_brca_hrd,HRD_TAI,regression,locked_uga_sbs_exposure,,
1,2,617,155,0.6654264691698213,4.143424449428435,tcga_brca_hrd,HRD_TAI,regression,locked_uga_sbs_exposure,,
1,3,618,154,0.6909686776506178,4.409911870956421,tcga_brca_hrd,HRD_TAI,regression,locked_uga_sbs_exposure,,
1,4,618,154,0.6277384798353141,3.670935005336613,tcga_brca_hrd,HRD_TAI,regression,locked_uga_sbs_exposure,,
1,5,618,154,0.5457068862383965,4.459899001307302,tcga_brca_hrd,HRD_TAI,regression,locked_uga_sbs_exposure,,
1,1,617,155,0.5823261258091057,4.238687979790472,tcga_brca_hrd,HRD_TAI,regression,locked_uga_sbs_id_exposure,,
1,2,617,155,0.6759359531896619,4.0762881955792825,tcga_brca_hrd,HRD_TAI,regression,locked_uga_sbs_id_exposure,,
1,3,618,154,0.6987423126626622,4.371733012137475,tcga_brca_hrd,HRD_TAI,regression,locked_uga_sbs_id_exposure,,
1,4,618,154,0.7180412239466601,3.655497256811563,tcga_brca_hrd,HRD_TAI,regression,locked_uga_sbs_id_exposure,,
1,5,618,154,0.660307604689447,3.5192194882925456,tcga_brca_hrd,HRD_TAI,regression,locked_uga_sbs_id_exposure,,
1,1,617,155,0.6647971494757412,4.309603995661582,tcga_brca_hrd,HRD_TAI,regression,standard_sbs_exposure,,
1,2,617,155,0.7336512947556912,3.563930603765672,tcga_brca_hrd,HRD_TAI,regression,standard_sbs_exposure,,
1,3,618,154,0.7175122949831655,3.760788833940184,tcga_brca_hrd,HRD_TAI,regression,standard_sbs_exposure,,
1,4,618,154,0.6453287341361934,4.161056865345348,tcga_brca_hrd,HRD_TAI,regression,standard_sbs_exposure,,
1,5,618,154,0.5670158606101653,4.647007403435645,tcga_brca_hrd,HRD_TAI,regression,standard_sbs_exposure,,
1,1,617,155,0.6948013379280562,3.9757095429205127,tcga_brca_hrd,HRD_TAI,regression,standard_sbs_id_exposure,,
1,2,617,155,0.6022647248712832,4.156340580601846,tcga_brca_hrd,HRD_TAI,regression,standard_sbs_id_exposure,,
1,3,618,154,0.7215539745402423,4.10096398266879,tcga_brca_hrd,HRD_TAI,regression,standard_sbs_id_exposure,,
1,4,618,154,0.6700049137126296,3.8572425346869927,tcga_brca_hrd,HRD_TAI,regression,standard_sbs_id_exposure,,
1,5,618,154,0.6308075545053078,4.338973519089934,tcga_brca_hrd,HRD_TAI,regression,standard_sbs_id_exposure,,
1,1,617,155,0.1681265277521346,0.7671616486895162,tcga_brca_hrd,PARPi7,regression,burden_only,,
1,2,617,155,0.1497163261254219,0.8088638513437741,tcga_brca_hrd,PARPi7,regression,burden_only,,
1,3,618,154,0.1513840411416526,0.7446243582448847,tcga_brca_hrd,PARPi7,regression,burden_only,,
1,4,618,154,0.1473621347419748,0.8065181873973719,tcga_brca_hrd,PARPi7,regression,burden_only,,
1,5,618,154,0.1242942494728499,0.830555375676162,tcga_brca_hrd,PARPi7,regression,burden_only,,
1,1,617,155,0.081971584752948,0.8130689523777807,tcga_brca_hrd,PARPi7,regression,locked_uga_sbs_exposure,,
1,2,617,155,0.1194793894799963,0.7887419180637002,tcga_brca_hrd,PARPi7,regression,locked_uga_sbs_exposure,,
1,3,618,154,0.1902829551681667,0.7977405835536743,tcga_brca_hrd,PARPi7,regression,locked_uga_sbs_exposure,,
1,4,618,154,0.1600870077398621,0.8157385524713703,tcga_brca_hrd,PARPi7,regression,locked_uga_sbs_exposure,,
1,5,618,154,0.0797705866604819,0.7486666508699383,tcga_brca_hrd,PARPi7,regression,locked_uga_sbs_exposure,,
1,1,617,155,0.0566743364668821,0.7778379190200547,tcga_brca_hrd,PARPi7,regression,locked_uga_sbs_id_exposure,,
1,2,617,155,0.1693690935659165,0.8124766322857987,tcga_brca_hrd,PARPi7,regression,locked_uga_sbs_id_exposure,,
1,3,618,154,0.135763830704709,0.8496250866298397,tcga_brca_hrd,PARPi7,regression,locked_uga_sbs_id_exposure,,
1,4,618,154,0.1452331137615335,0.7514212606997304,tcga_brca_hrd,PARPi7,regression,locked_uga_sbs_id_exposure,,
1,5,618,154,0.1537857461460437,0.8212893550860291,tcga_brca_hrd,PARPi7,regression,locked_uga_sbs_id_exposure,,
1,1,617,155,0.2757530006461303,0.8143890160271736,tcga_brca_hrd,PARPi7,regression,standard_sbs_exposure,,
1,2,617,155,0.1841948584902367,0.7987670444877791,tcga_brca_hrd,PARPi7,regression,standard_sbs_exposure,,
1,3,618,154,0.1716879148378882,0.7245844679461139,tcga_brca_hrd,PARPi7,regression,standard_sbs_exposure,,
1,4,618,154,0.2769151657496119,0.7646128535809126,tcga_brca_hrd,PARPi7,regression,standard_sbs_exposure,,
1,5,618,154,0.2692440387624253,0.7335121805489798,tcga_brca_hrd,PARPi7,regression,standard_sbs_exposure,,
1,1,617,155,0.1680170733775439,0.7721482499093395,tcga_brca_hrd,PARPi7,regression,standard_sbs_id_exposure,,
1,2,617,155,0.2994047868430578,0.7383179657222396,tcga_brca_hrd,PARPi7,regression,standard_sbs_id_exposure,,
1,3,618,154,0.0683705078257031,0.787291236610882,tcga_brca_hrd,PARPi7,regression,standard_sbs_id_exposure,,
1,4,618,154,0.2046645276180916,0.7357104962788665,tcga_brca_hrd,PARPi7,regression,standard_sbs_id_exposure,,
1,5,618,154,0.1990509024811218,0.8146476631354318,tcga_brca_hrd,PARPi7,regression,standard_sbs_id_exposure,,
1,1,617,155,0.3525212780857567,0.4051452134832836,tcga_brca_hrd,eCARD,regression,burden_only,,
1,2,617,155,0.2704412447499684,0.4206925669120492,tcga_brca_hrd,eCARD,regression,burden_only,,
1,3,618,154,0.4165248279168826,0.428465991122186,tcga_brca_hrd,eCARD,regression,burden_only,,
1,4,618,154,0.3720458373196895,0.445623993254269,tcga_brca_hrd,eCARD,regression,burden_only,,
1,5,618,154,0.2500519572852213,0.4323172120378509,tcga_brca_hrd,eCARD,regression,burden_only,,
1,1,617,155,0.3506557958170861,0.4273384053559937,tcga_brca_hrd,eCARD,regression,locked_uga_sbs_exposure,,
1,2,617,155,0.256416371061579,0.4147240887720642,tcga_brca_hrd,eCARD,regression,locked_uga_sbs_exposure,,
1,3,618,154,0.3494621182753071,0.429964091490901,tcga_brca_hrd,eCARD,regression,locked_uga_sbs_exposure,,
1,4,618,154,0.3430132170170121,0.4428000639239882,tcga_brca_hrd,eCARD,regression,locked_uga_sbs_exposure,,
1,5,618,154,0.3166665160687762,0.4153632905492728,tcga_brca_hrd,eCARD,regression,locked_uga_sbs_exposure,,
1,1,617,155,0.2685765847056169,0.4458616570464256,tcga_brca_hrd,eCARD,regression,locked_uga_sbs_id_exposure,,
1,2,617,155,0.3961009926373241,0.4526696130888453,tcga_brca_hrd,eCARD,regression,locked_uga_sbs_id_exposure,,
1,3,618,154,0.4162928413654125,0.3863309800320365,tcga_brca_hrd,eCARD,regression,locked_uga_sbs_id_exposure,,
1,4,618,154,0.3405705254529562,0.4181361068232879,tcga_brca_hrd,eCARD,regression,locked_uga_sbs_id_exposure,,
1,5,618,154,0.3176245802423932,0.449737758403523,tcga_brca_hrd,eCARD,regression,locked_uga_sbs_id_exposure,,
1,1,617,155,0.3170205875106232,0.3894561680289237,tcga_brca_hrd,eCARD,regression,standard_sbs_exposure,,
1,2,617,155,0.3587734845799361,0.450383911465916,tcga_brca_hrd,eCARD,regression,standard_sbs_exposure,,
1,3,618,154,0.3193279934022726,0.4407718329123041,tcga_brca_hrd,eCARD,regression,standard_sbs_exposure,,
1,4,618,154,0.3364687887886264,0.4624103852561204,tcga_brca_hrd,eCARD,regression,standard_sbs_exposure,,
1,5,618,154,0.2175363427194953,0.4143545327831833,tcga_brca_hrd,eCARD,regression,standard_sbs_exposure,,
1,1,617,155,0.3383229673552254,0.4534723133463725,tcga_brca_hrd,eCARD,regression,standard_sbs_id_exposure,,
1,2,617,155,0.311248679746709,0.4006166738052137,tcga_brca_hrd,eCARD,regression,standard_sbs_id_exposure,,
1,3,618,154,0.2791936716035388,0.4390802775865831,tcga_brca_hrd,eCARD,regression,standard_sbs_id_exposure,,
1,4,618,154,0.28348183664946,0.4275865427453555,tcga_brca_hrd,eCARD,regression,standard_sbs_id_exposure,,
1,5,618,154,0.3196847625373142,0.4267537966319492,tcga_brca_hrd,eCARD,regression,standard_sbs_id_exposure,,
1,1,617,155,,,tcga_brca_hrd,hrd_binary_24,binary,burden_only,0.8272132796780685,0.7428739101274313
1,2,617,155,,,tcga_brca_hrd,hrd_binary_24,binary,burden_only,0.8494299128101945,0.7715459423205902
1,3,618,154,,,tcga_brca_hrd,hrd_binary_24,binary,burden_only,0.7719328016290514,0.7105888342100797
1,4,618,154,,,tcga_brca_hrd,hrd_binary_24,binary,burden_only,0.808248299319728,0.7654761904761904
1,5,618,154,,,tcga_brca_hrd,hrd_binary_24,binary,burden_only,0.741921768707483,0.6916666666666667
1,1,617,155,,,tcga_brca_hrd,hrd_binary_24,binary,locked_uga_sbs_exposure,0.7689470154258886,0.6951710261569417
1,2,617,155,,,tcga_brca_hrd,hrd_binary_24,binary,locked_uga_sbs_exposure,0.8678739101274313,0.7942655935613683
1,3,618,154,,,tcga_brca_hrd,hrd_binary_24,binary,locked_uga_sbs_exposure,0.8784999151535721,0.7819446801289666
1,4,618,154,,,tcga_brca_hrd,hrd_binary_24,binary,locked_uga_sbs_exposure,0.7639455782312925,0.6821428571428572
1,5,618,154,,,tcga_brca_hrd,hrd_binary_24,binary,locked_uga_sbs_exposure,0.823469387755102,0.7702380952380953
1,1,617,155,,,tcga_brca_hrd,hrd_binary_24,binary,locked_uga_sbs_id_exposure,0.8366867873910128,0.755281690140845
1,2,617,155,,,tcga_brca_hrd,hrd_binary_24,binary,locked_uga_sbs_id_exposure,0.8489268947015427,0.7850435949027499
1,3,618,154,,,tcga_brca_hrd,hrd_binary_24,binary,locked_uga_sbs_id_exposure,0.7724418801968438,0.7075343628033259
1,4,618,154,,,tcga_brca_hrd,hrd_binary_24,binary,locked_uga_sbs_id_exposure,0.8423469387755101,0.7773809523809524
1,5,618,154,,,tcga_brca_hrd,hrd_binary_24,binary,locked_uga_sbs_id_exposure,0.863265306122449,0.786904761904762
1,1,617,155,,,tcga_brca_hrd,hrd_binary_24,binary,standard_sbs_exposure,0.8890006706908116,0.8056673373574782
1,2,617,155,,,tcga_brca_hrd,hrd_binary_24,binary,standard_sbs_exposure,0.8777665995975855,0.7991281019450034
1,3,618,154,,,tcga_brca_hrd,hrd_binary_24,binary,standard_sbs_exposure,0.7972170371627355,0.7517393517732904
1,4,618,154,,,tcga_brca_hrd,hrd_binary_24,binary,standard_sbs_exposure,0.8219387755102041,0.7071428571428571
1,5,618,154,,,tcga_brca_hrd,hrd_binary_24,binary,standard_sbs_exposure,0.7576530612244899,0.6702380952380953
1,1,617,155,,,tcga_brca_hrd,hrd_binary_24,binary,standard_sbs_id_exposure,0.8574782025486251,0.767186452045607
1,2,617,155,,,tcga_brca_hrd,hrd_binary_24,binary,standard_sbs_id_exposure,0.8432260228034876,0.7861334674714957
1,3,618,154,,,tcga_brca_hrd,hrd_binary_24,binary,standard_sbs_id_exposure,0.7973867300186662,0.7507211946377057
1,4,618,154,,,tcga_brca_hrd,hrd_binary_24,binary,standard_sbs_id_exposure,0.8129251700680273,0.7392857142857143
1,5,618,154,,,tcga_brca_hrd,hrd_binary_24,binary,standard_sbs_id_exposure,0.8833333333333333,0.8119047619047619
1,1,617,155,,,tcga_brca_hrd,hrd_binary_33,binary,burden_only,0.878447596532703,0.7741331757289205
1,2,617,155,,,tcga_brca_hrd,hrd_binary_33,binary,burden_only,0.7460598896769108,0.675531914893617
1,3,618,154,,,tcga_brca_hrd,hrd_binary_33,binary,burden_only,0.8303140096618358,0.7204106280193237
1,4,618,154,,,tcga_brca_hrd,hrd_binary_33,binary,burden_only,0.8029429310001989,0.7331477430900775
1,5,618,154,,,tcga_brca_hrd,hrd_binary_33,binary,burden_only,0.8520580632332472,0.7539272221117519
1,1,617,155,,,tcga_brca_hrd,hrd_binary_33,binary,locked_uga_sbs_exposure,0.8575650118203311,0.7732466509062255
1,2,617,155,,,tcga_brca_hrd,hrd_binary_33,binary,locked_uga_sbs_exposure,0.849290780141844,0.7621158392434988
1,3,618,154,,,tcga_brca_hrd,hrd_binary_33,binary,locked_uga_sbs_exposure,0.8673510466988728,0.7648953301127215
1,4,618,154,,,tcga_brca_hrd,hrd_binary_33,binary,locked_uga_sbs_exposure,0.836746868164645,0.7606880095446411
1,5,618,154,,,tcga_brca_hrd,hrd_binary_33,binary,locked_uga_sbs_exposure,0.865977331477431,0.7900178962020282
1,1,617,155,,,tcga_brca_hrd,hrd_binary_33,binary,locked_uga_sbs_id_exposure,0.8376674546887314,0.7825059101654847
1,2,617,155,,,tcga_brca_hrd,hrd_binary_33,binary,locked_uga_sbs_id_exposure,0.8159968479117415,0.7149330181245075
1,3,618,154,,,tcga_brca_hrd,hrd_binary_33,binary,locked_uga_sbs_id_exposure,0.889291465378422,0.8160225442834138
1,4,618,154,,,tcga_brca_hrd,hrd_binary_33,binary,locked_uga_sbs_id_exposure,0.8973951083714455,0.808709484987075
1,5,618,154,,,tcga_brca_hrd,hrd_binary_33,binary,locked_uga_sbs_id_exposure,0.90455358918274,0.7892225094452177
1,1,617,155,,,tcga_brca_hrd,hrd_binary_33,binary,standard_sbs_exposure,0.8845547675334909,0.7967888100866825
1,2,617,155,,,tcga_brca_hrd,hrd_binary_33,binary,standard_sbs_exposure,0.8666272655634357,0.7699960598896769
1,3,618,154,,,tcga_brca_hrd,hrd_binary_33,binary,standard_sbs_exposure,0.8625201288244767,0.7880434782608696
1,4,618,154,,,tcga_brca_hrd,hrd_binary_33,binary,standard_sbs_exposure,0.8954066414794194,0.798866573871545
1,5,618,154,,,tcga_brca_hrd,hrd_binary_33,binary,standard_sbs_exposure,0.8172598926227879,0.749552594949294
1,1,617,155,,,tcga_brca_hrd,hrd_binary_33,binary,standard_sbs_id_exposure,0.8561859732072499,0.762608353033885
1,2,617,155,,,tcga_brca_hrd,hrd_binary_33,binary,standard_sbs_id_exposure,0.8886918833727344,0.8250591016548463
1,3,618,154,,,tcga_brca_hrd,hrd_binary_33,binary,standard_sbs_id_exposure,0.8874798711755233,0.80817230273752
1,4,618,154,,,tcga_brca_hrd,hrd_binary_33,binary,standard_sbs_id_exposure,0.871743885464307,0.8333664744482004
1,5,618,154,,,tcga_brca_hrd,hrd_binary_33,binary,standard_sbs_id_exposure,0.8639888645854047,0.7713263074169815
1,1,617,155,,,tcga_brca_hrd,hrd_binary_42,binary,burden_only,0.83,0.7646666666666666
1,2,617,155,,,tcga_brca_hrd,hrd_binary_42,binary,burden_only,0.8424,0.71
1,3,618,154,,,tcga_brca_hrd,hrd_binary_42,binary,burden_only,0.8059139784946237,0.6494623655913978
1,4,618,154,,,tcga_brca_hrd,hrd_binary_42,binary,burden_only,0.8268817204301075,0.7110215053763441
1,5,618,154,,,tcga_brca_hrd,hrd_binary_42,binary,burden_only,0.8635752688172043,0.7413978494623656
1,1,617,155,,,tcga_brca_hrd,hrd_binary_42,binary,locked_uga_sbs_exposure,0.8936,0.8173333333333334
1,2,617,155,,,tcga_brca_hrd,hrd_binary_42,binary,locked_uga_sbs_exposure,0.8946666666666666,0.792
1,3,618,154,,,tcga_brca_hrd,hrd_binary_42,binary,locked_uga_sbs_exposure,0.9301075268817204,0.8497311827956989
1,4,618,154,,,tcga_brca_hrd,hrd_binary_42,binary,locked_uga_sbs_exposure,0.864516129032258,0.7400537634408602
1,5,618,154,,,tcga_brca_hrd,hrd_binary_42,binary,locked_uga_sbs_exposure,0.9330645161290322,0.8583333333333334
1,1,617,155,,,tcga_brca_hrd,hrd_binary_42,binary,locked_uga_sbs_id_exposure,0.9005333333333334,0.7993333333333333
1,2,617,155,,,tcga_brca_hrd,hrd_binary_42,binary,locked_uga_sbs_id_exposure,0.9168,0.8320000000000001
1,3,618,154,,,tcga_brca_hrd,hrd_binary_42,binary,locked_uga_sbs_id_exposure,0.9053763440860214,0.8123655913978495
1,4,618,154,,,tcga_brca_hrd,hrd_binary_42,binary,locked_uga_sbs_id_exposure,0.9236559139784948,0.8163978494623656
1,5,618,154,,,tcga_brca_hrd,hrd_binary_42,binary,locked_uga_sbs_id_exposure,0.892741935483871,0.810752688172043
1,1,617,155,,,tcga_brca_hrd,hrd_binary_42,binary,standard_sbs_exposure,0.9365333333333332,0.8460000000000001
1,2,617,155,,,tcga_brca_hrd,hrd_binary_42,binary,standard_sbs_exposure,0.8965333333333334,0.8113333333333334
1,3,618,154,,,tcga_brca_hrd,hrd_binary_42,binary,standard_sbs_exposure,0.9293010752688172,0.8198924731182795
1,4,618,154,,,tcga_brca_hrd,hrd_binary_42,binary,standard_sbs_exposure,0.9317204301075268,0.853225806451613
1,5,618,154,,,tcga_brca_hrd,hrd_binary_42,binary,standard_sbs_exposure,0.8701612903225807,0.8072580645161291
1,1,617,155,,,tcga_brca_hrd,hrd_binary_42,binary,standard_sbs_id_exposure,0.8901333333333334,0.8206666666666667
1,2,617,155,,,tcga_brca_hrd,hrd_binary_42,binary,standard_sbs_id_exposure,0.9362666666666668,0.8613333333333333
1,3,618,154,,,tcga_brca_hrd,hrd_binary_42,binary,standard_sbs_id_exposure,0.9241935483870968,0.8688172043010753
1,4,618,154,,,tcga_brca_hrd,hrd_binary_42,binary,standard_sbs_id_exposure,0.920967741935484,0.8158602150537635
1,5,618,154,,,tcga_brca_hrd,hrd_binary_42,binary,standard_sbs_id_exposure,0.8725806451612903,0.778494623655914
1,1,617,155,,,tcga_brca_hrd,parpi7_binary,binary,burden_only,0.6525925925925925,0.587037037037037
1,2,617,155,,,tcga_brca_hrd,parpi7_binary,binary,burden_only,0.6692592592592592,0.587037037037037
1,3,618,154,,,tcga_brca_hrd,parpi7_binary,binary,burden_only,0.6220272904483432,0.5803118908382066
1,4,618,154,,,tcga_brca_hrd,parpi7_binary,binary,burden_only,0.5432835820895523,0.5328358208955224
1,5,618,154,,,tcga_brca_hrd,parpi7_binary,binary,burden_only,0.6098880597014925,0.564179104477612
1,1,617,155,,,tcga_brca_hrd,parpi7_binary,binary,locked_uga_sbs_exposure,0.5411111111111111,0.5305555555555556
1,2,617,155,,,tcga_brca_hrd,parpi7_binary,binary,locked_uga_sbs_exposure,0.5748148148148149,0.5546296296296296
1,3,618,154,,,tcga_brca_hrd,parpi7_binary,binary,locked_uga_sbs_exposure,0.5161793372319688,0.4779727095516569
1,4,618,154,,,tcga_brca_hrd,parpi7_binary,binary,locked_uga_sbs_exposure,0.6466417910447761,0.6186567164179104
1,5,618,154,,,tcga_brca_hrd,parpi7_binary,binary,locked_uga_sbs_exposure,0.575,0.5085820895522388
1,1,617,155,,,tcga_brca_hrd,parpi7_binary,binary,locked_uga_sbs_id_exposure,0.5722222222222223,0.512962962962963
1,2,617,155,,,tcga_brca_hrd,parpi7_binary,binary,locked_uga_sbs_id_exposure,0.5488888888888889,0.5398148148148149
1,3,618,154,,,tcga_brca_hrd,parpi7_binary,binary,locked_uga_sbs_id_exposure,0.512280701754386,0.443859649122807
1,4,618,154,,,tcga_brca_hrd,parpi7_binary,binary,locked_uga_sbs_id_exposure,0.7212686567164179,0.6100746268656716
1,5,618,154,,,tcga_brca_hrd,parpi7_binary,binary,locked_uga_sbs_id_exposure,0.6365671641791044,0.5600746268656717
1,1,617,155,,,tcga_brca_hrd,parpi7_binary,binary,standard_sbs_exposure,0.5881481481481481,0.5888888888888888
1,2,617,155,,,tcga_brca_hrd,parpi7_binary,binary,standard_sbs_exposure,0.6825925925925925,0.5981481481481481
1,3,618,154,,,tcga_brca_hrd,parpi7_binary,binary,standard_sbs_exposure,0.6713450292397661,0.5824561403508772
1,4,618,154,,,tcga_brca_hrd,parpi7_binary,binary,standard_sbs_exposure,0.6358208955223881,0.625
1,5,618,154,,,tcga_brca_hrd,parpi7_binary,binary,standard_sbs_exposure,0.607089552238806,0.5
1,1,617,155,,,tcga_brca_hrd,parpi7_binary,binary,standard_sbs_id_exposure,0.6692592592592592,0.6361111111111111
1,2,617,155,,,tcga_brca_hrd,parpi7_binary,binary,standard_sbs_id_exposure,0.6611111111111111,0.5962962962962963
1,3,618,154,,,tcga_brca_hrd,parpi7_binary,binary,standard_sbs_id_exposure,0.7126705653021442,0.6647173489278753
1,4,618,154,,,tcga_brca_hrd,parpi7_binary,binary,standard_sbs_id_exposure,0.591044776119403,0.55
1,5,618,154,,,tcga_brca_hrd,parpi7_binary,binary,standard_sbs_id_exposure,0.7078358208955223,0.6485074626865671
1,1,8179,2045,,,tcga_mc3,brca_gene_mutated,binary,burden_only,0.8323223724515239,0.6068917494194247
1,2,8179,2045,,,tcga_mc3,brca_gene_mutated,binary,burden_only,0.7959081907421391,0.6014047785265497
1,3,8179,2045,,,tcga_mc3,brca_gene_mutated,binary,burden_only,0.7935324623516505,0.6021491971676474
1,4,8179,2045,,,tcga_mc3,brca_gene_mutated,binary,burden_only,0.8417647352149198,0.6052622205758738
1,5,8180,2044,,,tcga_mc3,brca_gene_mutated,binary,burden_only,0.8323919973893616,0.595777794512639
1,1,8179,2045,,,tcga_mc3,brca_gene_mutated,binary,locked_uga_sbs_exposure,0.8224205359814215,0.6367967202838052
1,2,8179,2045,,,tcga_mc3,brca_gene_mutated,binary,locked_uga_sbs_exposure,0.8341299918790693,0.6494714271467039
1,3,8179,2045,,,tcga_mc3,brca_gene_mutated,binary,locked_uga_sbs_exposure,0.8220554502842325,0.6415161207596631
1,4,8179,2045,,,tcga_mc3,brca_gene_mutated,binary,locked_uga_sbs_exposure,0.7971655102651413,0.633945490034051
1,5,8180,2044,,,tcga_mc3,brca_gene_mutated,binary,locked_uga_sbs_exposure,0.8019447104092032,0.6365188141677336
1,1,8179,2045,,,tcga_mc3,brca_gene_mutated,binary,locked_uga_sbs_id_exposure,0.8262886634657853,0.6465008762056732
1,2,8179,2045,,,tcga_mc3,brca_gene_mutated,binary,locked_uga_sbs_id_exposure,0.804923136103948,0.6353826810468877
1,3,8179,2045,,,tcga_mc3,brca_gene_mutated,binary,locked_uga_sbs_id_exposure,0.81915435467096,0.6430263289119378
1,4,8179,2045,,,tcga_mc3,brca_gene_mutated,binary,locked_uga_sbs_id_exposure,0.8095677385345281,0.6509335508412999
1,5,8180,2044,,,tcga_mc3,brca_gene_mutated,binary,locked_uga_sbs_id_exposure,0.8276871106903488,0.6499861937394884
1,1,8179,2045,,,tcga_mc3,brca_gene_mutated,binary,standard_sbs_exposure,0.7979811651398367,0.6430744133696163
1,2,8179,2045,,,tcga_mc3,brca_gene_mutated,binary,standard_sbs_exposure,0.8096567838265256,0.6344494863867558
1,3,8179,2045,,,tcga_mc3,brca_gene_mutated,binary,standard_sbs_exposure,0.8103139380814658,0.6456389177791392
1,4,8179,2045,,,tcga_mc3,brca_gene_mutated,binary,standard_sbs_exposure,0.8577109661058001,0.6437689666471954
1,5,8180,2044,,,tcga_mc3,brca_gene_mutated,binary,standard_sbs_exposure,0.7976073929835508,0.6355649270778422
1,1,8179,2045,,,tcga_mc3,brca_gene_mutated,binary,standard_sbs_id_exposure,0.8206841527874739,0.651029719756657
1,2,8179,2045,,,tcga_mc3,brca_gene_mutated,binary,standard_sbs_id_exposure,0.8196672555528645,0.6403674364928977
1,3,8179,2045,,,tcga_mc3,brca_gene_mutated,binary,standard_sbs_id_exposure,0.8090156577241447,0.6513894627363261
1,4,8179,2045,,,tcga_mc3,brca_gene_mutated,binary,standard_sbs_id_exposure,0.8053648007522547,0.6472915983986095
1,5,8180,2044,,,tcga_mc3,brca_gene_mutated,binary,standard_sbs_id_exposure,0.8168859531160909,0.6484549539372945
1,1,4369,1093,,,tcga_mc3,cancer_type_top10,multiclass,burden_only,0.8389276054764656,0.4197609849817665
1,2,4369,1093,,,tcga_mc3,cancer_type_top10,multiclass,burden_only,0.8450071355031159,0.4500767481156461
1,3,4370,1092,,,tcga_mc3,cancer_type_top10,multiclass,burden_only,0.8435419690801295,0.4146399656713729
1,4,4370,1092,,,tcga_mc3,cancer_type_top10,multiclass,burden_only,0.8383305416963106,0.4132236840922116
1,5,4370,1092,,,tcga_mc3,cancer_type_top10,multiclass,burden_only,0.8468580889988544,0.4360228840158262
1,1,4369,1093,,,tcga_mc3,cancer_type_top10,multiclass,locked_uga_sbs_exposure,0.90701615333114,0.5853464527929013
1,2,4369,1093,,,tcga_mc3,cancer_type_top10,multiclass,locked_uga_sbs_exposure,0.9152954680714852,0.5971229669256731
1,3,4370,1092,,,tcga_mc3,cancer_type_top10,multiclass,locked_uga_sbs_exposure,0.9162844609121464,0.6097009251377612
1,4,4370,1092,,,tcga_mc3,cancer_type_top10,multiclass,locked_uga_sbs_exposure,0.9157485877211085,0.5997769365472749
1,5,4370,1092,,,tcga_mc3,cancer_type_top10,multiclass,locked_uga_sbs_exposure,0.909546601473342,0.579448583296767
1,1,4369,1093,,,tcga_mc3,cancer_type_top10,multiclass,locked_uga_sbs_id_exposure,0.9076367673011648,0.5900002905586685
1,2,4369,1093,,,tcga_mc3,cancer_type_top10,multiclass,locked_uga_sbs_id_exposure,0.9116486822090888,0.6026899295599474
1,3,4370,1092,,,tcga_mc3,cancer_type_top10,multiclass,locked_uga_sbs_id_exposure,0.9156428340241654,0.5960807584758607
1,4,4370,1092,,,tcga_mc3,cancer_type_top10,multiclass,locked_uga_sbs_id_exposure,0.911971087599359,0.6107629912482646
1,5,4370,1092,,,tcga_mc3,cancer_type_top10,multiclass,locked_uga_sbs_id_exposure,0.914562148247111,0.6053446391428916
1,1,4369,1093,,,tcga_mc3,cancer_type_top10,multiclass,standard_sbs_exposure,0.9212948866421252,0.6235500969908407
1,2,4369,1093,,,tcga_mc3,cancer_type_top10,multiclass,standard_sbs_exposure,0.9230616723935424,0.6319678653475329
1,3,4370,1092,,,tcga_mc3,cancer_type_top10,multiclass,standard_sbs_exposure,0.92270361758443,0.6351420283552706
1,4,4370,1092,,,tcga_mc3,cancer_type_top10,multiclass,standard_sbs_exposure,0.9283315435597604,0.6285318929838931
1,5,4370,1092,,,tcga_mc3,cancer_type_top10,multiclass,standard_sbs_exposure,0.9224529710468564,0.6357548874500548
1,1,4369,1093,,,tcga_mc3,cancer_type_top10,multiclass,standard_sbs_id_exposure,0.9247880520171105,0.631701303637153
1,2,4369,1093,,,tcga_mc3,cancer_type_top10,multiclass,standard_sbs_id_exposure,0.918725035455094,0.6275177945795773
1,3,4370,1092,,,tcga_mc3,cancer_type_top10,multiclass,standard_sbs_id_exposure,0.9258243875741852,0.6360036736246226
1,4,4370,1092,,,tcga_mc3,cancer_type_top10,multiclass,standard_sbs_id_exposure,0.9263985277298088,0.6523228602525835
1,5,4370,1092,,,tcga_mc3,cancer_type_top10,multiclass,standard_sbs_id_exposure,0.9261338030112296,0.6367402913232532
1,1,7672,1919,,,tcga_mc3,high_purity,binary,burden_only,0.5809273926317048,0.5525721673565616
1,2,7673,1918,,,tcga_mc3,high_purity,binary,burden_only,0.598825827445794,0.5627099067274562
1,3,7673,1918,,,tcga_mc3,high_purity,binary,burden_only,0.605927852991334,0.5839768297776076
1,4,7673,1918,,,tcga_mc3,high_purity,binary,burden_only,0.614866834302022,0.5920761841784707
1,5,7673,1918,,,tcga_mc3,high_purity,binary,burden_only,0.6085863282163384,0.5747516272696129
1,1,7672,1919,,,tcga_mc3,high_purity,binary,locked_uga_sbs_exposure,0.6418842280238584,0.5892061319166042
1,2,7673,1918,,,tcga_mc3,high_purity,binary,locked_uga_sbs_exposure,0.6258472401071938,0.5884588278286291
1,3,7673,1918,,,tcga_mc3,high_purity,binary,locked_uga_sbs_exposure,0.6295711812201997,0.5864706957157275
1,4,7673,1918,,,tcga_mc3,high_purity,binary,locked_uga_sbs_exposure,0.6368374343089828,0.6054569223540877
1,5,7673,1918,,,tcga_mc3,high_purity,binary,locked_uga_sbs_exposure,0.6134249063334366,0.574972403029957
1,1,7672,1919,,,tcga_mc3,high_purity,binary,locked_uga_sbs_id_exposure,0.6299523049009702,0.589388655302413
1,2,7673,1918,,,tcga_mc3,high_purity,binary,locked_uga_sbs_id_exposure,0.646981476003202,0.60610078133157
1,3,7673,1918,,,tcga_mc3,high_purity,binary,locked_uga_sbs_id_exposure,0.640373220687015,0.5871798106706574
1,4,7673,1918,,,tcga_mc3,high_purity,binary,locked_uga_sbs_id_exposure,0.6290665349946054,0.5963145599136881
1,5,7673,1918,,,tcga_mc3,high_purity,binary,locked_uga_sbs_id_exposure,0.6315644083372758,0.5948536408968064
1,1,7672,1919,,,tcga_mc3,high_purity,binary,standard_sbs_exposure,0.6178492661038861,0.5817291917907934
1,2,7673,1918,,,tcga_mc3,high_purity,binary,standard_sbs_exposure,0.6261593811993178,0.5855255716423624
1,3,7673,1918,,,tcga_mc3,high_purity,binary,standard_sbs_exposure,0.6251462821494447,0.5903653899697212
1,4,7673,1918,,,tcga_mc3,high_purity,binary,standard_sbs_exposure,0.6379805015139387,0.6010238662861518
1,5,7673,1918,,,tcga_mc3,high_purity,binary,standard_sbs_exposure,0.6496832465999989,0.5998058695900422
1,1,7672,1919,,,tcga_mc3,high_purity,binary,standard_sbs_id_exposure,0.6482513607770282,0.5947741816324978
1,2,7673,1918,,,tcga_mc3,high_purity,binary,standard_sbs_id_exposure,0.6408746041137368,0.6021158163087739
1,3,7673,1918,,,tcga_mc3,high_purity,binary,standard_sbs_id_exposure,0.6441270707896843,0.6101096735460969
1,4,7673,1918,,,tcga_mc3,high_purity,binary,standard_sbs_id_exposure,0.6325963395747051,0.5920685709811019
1,5,7673,1918,,,tcga_mc3,high_purity,binary,standard_sbs_id_exposure,0.6399740071888068,0.6000951619656656
1,1,5123,1281,,,tcga_mc3,high_stage,binary,burden_only,0.5826611226611227,0.5384199584199584
1,2,5123,1281,,,tcga_mc3,high_stage,binary,burden_only,0.5715368809821056,0.5267868289637953
1,3,5123,1281,,,tcga_mc3,high_stage,binary,burden_only,0.594755253849355,0.5369850187265918
1,4,5123,1281,,,tcga_mc3,high_stage,binary,burden_only,0.5833931543903454,0.5342774656679151
1,5,5124,1280,,,tcga_mc3,high_stage,binary,burden_only,0.5729361979166667,0.53
1,1,5123,1281,,,tcga_mc3,high_stage,binary,locked_uga_sbs_exposure,0.641122661122661,0.5536564449064449
1,2,5123,1281,,,tcga_mc3,high_stage,binary,locked_uga_sbs_exposure,0.600167759051186,0.5398408239700374
1,3,5123,1281,,,tcga_mc3,high_stage,binary,locked_uga_sbs_exposure,0.6169267582188931,0.5475694444444444
1,4,5123,1281,,,tcga_mc3,high_stage,binary,locked_uga_sbs_exposure,0.5823800977944237,0.5165340199750312
1,5,5124,1280,,,tcga_mc3,high_stage,binary,locked_uga_sbs_exposure,0.6350703125,0.5510416666666667
1,1,5123,1281,,,tcga_mc3,high_stage,binary,locked_uga_sbs_id_exposure,0.6213461538461539,0.5642814449064449
1,2,5123,1281,,,tcga_mc3,high_stage,binary,locked_uga_sbs_id_exposure,0.6434196837286725,0.5575647627965044
1,3,5123,1281,,,tcga_mc3,high_stage,binary,locked_uga_sbs_id_exposure,0.6124739908447774,0.5357014669163546
1,4,5123,1281,,,tcga_mc3,high_stage,binary,locked_uga_sbs_id_exposure,0.603222534332085,0.5259090199750313
1,5,5124,1280,,,tcga_mc3,high_stage,binary,locked_uga_sbs_id_exposure,0.6154713541666667,0.5327083333333333
1,1,5123,1281,,,tcga_mc3,high_stage,binary,standard_sbs_exposure,0.6158913721413722,0.5528469334719335
1,2,5123,1281,,,tcga_mc3,high_stage,binary,standard_sbs_exposure,0.6286282771535581,0.5596285892634207
1,3,5123,1281,,,tcga_mc3,high_stage,binary,standard_sbs_exposure,0.6297830836454432,0.5650202871410737
1,4,5123,1281,,,tcga_mc3,high_stage,binary,standard_sbs_exposure,0.6403948189762797,0.5619147940074907
1,5,5124,1280,,,tcga_mc3,high_stage,binary,standard_sbs_exposure,0.6344466145833334,0.5516666666666666
1,1,5123,1281,,,tcga_mc3,high_stage,binary,standard_sbs_id_exposure,0.6370309251559252,0.5532809251559252
1,2,5123,1281,,,tcga_mc3,high_stage,binary,standard_sbs_id_exposure,0.618000936329588,0.5598236579275906
1,3,5123,1281,,,tcga_mc3,high_stage,binary,standard_sbs_id_exposure,0.6285216396171452,0.5662843320848938
1,4,5123,1281,,,tcga_mc3,high_stage,binary,standard_sbs_id_exposure,0.6203547648772367,0.5581655742821473
1,5,5124,1280,,,tcga_mc3,high_stage,binary,standard_sbs_id_exposure,0.6333125000000001,0.55125
1,1,8179,2045,,,tcga_mc3,mmr_gene_mutated,binary,burden_only,0.8470270833333333,0.62415625
1,2,8179,2045,,,tcga_mc3,mmr_gene_mutated,binary,burden_only,0.85898125,0.59953125
1,3,8179,2045,,,tcga_mc3,mmr_gene_mutated,binary,burden_only,0.8727624999999999,0.6233229166666666
1,4,8179,2045,,,tcga_mc3,mmr_gene_mutated,binary,burden_only,0.8368590618460343,0.6217193147886217
1,5,8180,2044,,,tcga_mc3,mmr_gene_mutated,binary,burden_only,0.8867597707139134,0.6264304325169359
1,1,8179,2045,,,tcga_mc3,mmr_gene_mutated,binary,locked_uga_sbs_exposure,0.8451875,0.67953125
1,2,8179,2045,,,tcga_mc3,mmr_gene_mutated,binary,locked_uga_sbs_exposure,0.8686875,0.68265625
1,3,8179,2045,,,tcga_mc3,mmr_gene_mutated,binary,locked_uga_sbs_exposure,0.8867270833333334,0.6859895833333334
1,4,8179,2045,,,tcga_mc3,mmr_gene_mutated,binary,locked_uga_sbs_exposure,0.8499445809242578,0.6758542395592944
1,5,8180,2044,,,tcga_mc3,mmr_gene_mutated,binary,locked_uga_sbs_exposure,0.8306055237102657,0.687293381969776
1,1,8179,2045,,,tcga_mc3,mmr_gene_mutated,binary,locked_uga_sbs_id_exposure,0.85245,0.6564270833333333
1,2,8179,2045,,,tcga_mc3,mmr_gene_mutated,binary,locked_uga_sbs_id_exposure,0.8531541666666667,0.697875
1,3,8179,2045,,,tcga_mc3,mmr_gene_mutated,binary,locked_uga_sbs_id_exposure,0.8579625,0.6891666666666667
1,4,8179,2045,,,tcga_mc3,mmr_gene_mutated,binary,locked_uga_sbs_id_exposure,0.8712002779225292,0.6892623472873602
1,5,8180,2044,,,tcga_mc3,mmr_gene_mutated,binary,locked_uga_sbs_id_exposure,0.8386534653465346,0.6933632100052111
1,1,8179,2045,,,tcga_mc3,mmr_gene_mutated,binary,standard_sbs_exposure,0.8585125000000001,0.6922395833333334
1,2,8179,2045,,,tcga_mc3,mmr_gene_mutated,binary,standard_sbs_exposure,0.8303291666666666,0.6918229166666667
1,3,8179,2045,,,tcga_mc3,mmr_gene_mutated,binary,standard_sbs_exposure,0.8461583333333332,0.6801458333333333
1,4,8179,2045,,,tcga_mc3,mmr_gene_mutated,binary,standard_sbs_exposure,0.8622298320057569,0.6982617434675799
1,5,8180,2044,,,tcga_mc3,mmr_gene_mutated,binary,standard_sbs_exposure,0.8573798853569566,0.6775466388744138
1,1,8179,2045,,,tcga_mc3,mmr_gene_mutated,binary,standard_sbs_id_exposure,0.8443333333333333,0.6763645833333334
1,2,8179,2045,,,tcga_mc3,mmr_gene_mutated,binary,standard_sbs_id_exposure,0.8488958333333334,0.6892395833333333
1,3,8179,2045,,,tcga_mc3,mmr_gene_mutated,binary,standard_sbs_id_exposure,0.8391479166666668,0.68275
1,4,8179,2045,,,tcga_mc3,mmr_gene_mutated,binary,standard_sbs_id_exposure,0.8769861948600876,0.686075750432186
1,5,8180,2044,,,tcga_mc3,mmr_gene_mutated,binary,standard_sbs_id_exposure,0.8252527357998958,0.6650401250651381
1,1,8111,2028,,,tcga_mc3,os_event,binary,burden_only,0.6163551920636064,0.552564987347596
1,2,8111,2028,,,tcga_mc3,os_event,binary,burden_only,0.6236267477885475,0.5679349972017071
1,3,8111,2028,,,tcga_mc3,os_event,binary,burden_only,0.6402242296683136,0.5712774979484908
1,4,8111,2028,,,tcga_mc3,os_event,binary,burden_only,0.6129685208944282,0.5654279692082111
1,5,8112,2027,,,tcga_mc3,os_event,binary,burden_only,0.6259554760758419,0.5675447646559828
1,1,8111,2028,,,tcga_mc3,os_event,binary,locked_uga_sbs_exposure,0.6510877862813835,0.5792620747195698
1,2,8111,2028,,,tcga_mc3,os_event,binary,locked_uga_sbs_exposure,0.6312107509382006,0.5763024079052632
1,3,8111,2028,,,tcga_mc3,os_event,binary,locked_uga_sbs_exposure,0.6440325403120124,0.5659246898701799
1,4,8111,2028,,,tcga_mc3,os_event,binary,locked_uga_sbs_exposure,0.6257176732038123,0.5706653225806452
1,5,8112,2027,,,tcga_mc3,os_event,binary,locked_uga_sbs_exposure,0.6599278950867781,0.5661915078982965
1,1,8111,2028,,,tcga_mc3,os_event,binary,locked_uga_sbs_id_exposure,0.6474328381098876,0.5652860610680208
1,2,8111,2028,,,tcga_mc3,os_event,binary,locked_uga_sbs_id_exposure,0.6749642631104885,0.5734817973623944
1,3,8111,2028,,,tcga_mc3,os_event,binary,locked_uga_sbs_id_exposure,0.6496834896142705,0.579545337494721
1,4,8111,2028,,,tcga_mc3,os_event,binary,locked_uga_sbs_id_exposure,0.6498636821847508,0.5720857771260998
1,5,8112,2027,,,tcga_mc3,os_event,binary,locked_uga_sbs_id_exposure,0.6307827223330353,0.5699773024279524
1,1,8111,2028,,,tcga_mc3,os_event,binary,standard_sbs_exposure,0.646442849016935,0.5734096941105378
1,2,8111,2028,,,tcga_mc3,os_event,binary,standard_sbs_exposure,0.6471839102165728,0.5684843553110912
1,3,8111,2028,,,tcga_mc3,os_event,binary,standard_sbs_exposure,0.6467266840401169,0.5807058565007949
1,4,8111,2028,,,tcga_mc3,os_event,binary,standard_sbs_exposure,0.6711292613636364,0.5729586693548387
1,5,8112,2027,,,tcga_mc3,os_event,binary,standard_sbs_exposure,0.6539227824013573,0.5730391819703327
1,1,8111,2028,,,tcga_mc3,os_event,binary,standard_sbs_id_exposure,0.6648560738978215,0.5776964041078253
1,2,8111,2028,,,tcga_mc3,os_event,binary,standard_sbs_id_exposure,0.6274321971920933,0.5605049287722876
1,3,8111,2028,,,tcga_mc3,os_event,binary,standard_sbs_id_exposure,0.6490482943002952,0.5731487490085803
1,4,8111,2028,,,tcga_mc3,os_event,binary,standard_sbs_id_exposure,0.6624392870234603,0.5736024560117302
1,5,8112,2027,,,tcga_mc3,os_event,binary,standard_sbs_id_exposure,0.6387062383932869,0.5591248824999427
1,1,8179,2045,,,tcga_mc3,pole_pold1_mutated,binary,burden_only,0.847895146485284,0.6030494149894673
1,2,8179,2045,,,tcga_mc3,pole_pold1_mutated,binary,burden_only,0.8663274197778398,0.618560865629468
1,3,8179,2045,,,tcga_mc3,pole_pold1_mutated,binary,burden_only,0.8677127484074009,0.5950166239435547
1,4,8179,2045,,,tcga_mc3,pole_pold1_mutated,binary,burden_only,0.8755826840266322,0.6084469091309019
1,5,8180,2044,,,tcga_mc3,pole_pold1_mutated,binary,burden_only,0.8217532966001945,0.6108177956704934
1,1,8179,2045,,,tcga_mc3,pole_pold1_mutated,binary,locked_uga_sbs_exposure,0.8035625153337903,0.6320524859775133
1,2,8179,2045,,,tcga_mc3,pole_pold1_mutated,binary,locked_uga_sbs_exposure,0.8436439853472416,0.6375155452907286
1,3,8179,2045,,,tcga_mc3,pole_pold1_mutated,binary,locked_uga_sbs_exposure,0.8306790013789835,0.64223200764786
1,4,8179,2045,,,tcga_mc3,pole_pold1_mutated,binary,locked_uga_sbs_exposure,0.8604878894782703,0.645419320998621
1,5,8180,2044,,,tcga_mc3,pole_pold1_mutated,binary,locked_uga_sbs_exposure,0.8294574469899866,0.6471699561590556
1,1,8179,2045,,,tcga_mc3,pole_pold1_mutated,binary,locked_uga_sbs_id_exposure,0.8040870367080362,0.6449624798016971
1,2,8179,2045,,,tcga_mc3,pole_pold1_mutated,binary,locked_uga_sbs_id_exposure,0.8146832144700219,0.6349458135580315
1,3,8179,2045,,,tcga_mc3,pole_pold1_mutated,binary,locked_uga_sbs_id_exposure,0.8526475639366176,0.6565400201348528
1,4,8179,2045,,,tcga_mc3,pole_pold1_mutated,binary,locked_uga_sbs_id_exposure,0.8663020397113441,0.6510452357385177
1,5,8180,2044,,,tcga_mc3,pole_pold1_mutated,binary,locked_uga_sbs_id_exposure,0.8318371402739633,0.6482105388853824
1,1,8179,2045,,,tcga_mc3,pole_pold1_mutated,binary,standard_sbs_exposure,0.817601922117036,0.6469780800825697
1,2,8179,2045,,,tcga_mc3,pole_pold1_mutated,binary,standard_sbs_exposure,0.8300550747442959,0.6589130563522076
1,3,8179,2045,,,tcga_mc3,pole_pold1_mutated,binary,standard_sbs_exposure,0.8329526323358968,0.6585556204157255
1,4,8179,2045,,,tcga_mc3,pole_pold1_mutated,binary,standard_sbs_exposure,0.8320727900307098,0.6572548920078171
1,5,8180,2044,,,tcga_mc3,pole_pold1_mutated,binary,standard_sbs_exposure,0.8788360826325036,0.6504878797700482
1,1,8179,2045,,,tcga_mc3,pole_pold1_mutated,binary,standard_sbs_id_exposure,0.8041356818354863,0.6479213725539961
1,2,8179,2045,,,tcga_mc3,pole_pold1_mutated,binary,standard_sbs_id_exposure,0.8318337944045413,0.655499437408526
1,3,8179,2045,,,tcga_mc3,pole_pold1_mutated,binary,standard_sbs_id_exposure,0.842186746529276,0.6699703053221999
1,4,8179,2045,,,tcga_mc3,pole_pold1_mutated,binary,standard_sbs_id_exposure,0.8445174826358045,0.6736123448643436
1,5,8180,2044,,,tcga_mc3,pole_pold1_mutated,binary,standard_sbs_id_exposure,0.86813812456287,0.6668727930263899
1,1,2238,560,,,tcga_mc3,smoking_ever,binary,burden_only,0.725957785742732,0.5935882118677818
1,2,2238,560,,,tcga_mc3,smoking_ever,binary,burden_only,0.7165286240162478,0.6175425234831176
1,3,2238,560,,,tcga_mc3,smoking_ever,binary,burden_only,0.7114035922823052,0.6254760091393754
1,4,2239,559,,,tcga_mc3,smoking_ever,binary,burden_only,0.7438757585435963,0.627131906739061
1,5,2239,559,,,tcga_mc3,smoking_ever,binary,burden_only,0.7280182050463111,0.6291200894282977
1,1,2238,560,,,tcga_mc3,smoking_ever,binary,locked_uga_sbs_exposure,0.7868100358422939,0.701831939466348
1,2,2238,560,,,tcga_mc3,smoking_ever,binary,locked_uga_sbs_exposure,0.7597502538715412,0.6799314546839299
1,3,2238,560,,,tcga_mc3,smoking_ever,binary,locked_uga_sbs_exposure,0.7729595074892105,0.6912287382584412
1,4,2239,559,,,tcga_mc3,smoking_ever,binary,locked_uga_sbs_exposure,0.7668636218460556,0.686801341424465
1,5,2239,559,,,tcga_mc3,smoking_ever,binary,locked_uga_sbs_exposure,0.7851964228680932,0.7083280102203768
1,1,2238,560,,,tcga_mc3,smoking_ever,binary,locked_uga_sbs_id_exposure,0.7914615690959776,0.7035444046196734
1,2,2238,560,,,tcga_mc3,smoking_ever,binary,locked_uga_sbs_id_exposure,0.7507616146230008,0.6942751967504444
1,3,2238,560,,,tcga_mc3,smoking_ever,binary,locked_uga_sbs_id_exposure,0.7605039350088856,0.6853262249301854
1,4,2239,559,,,tcga_mc3,smoking_ever,binary,locked_uga_sbs_id_exposure,0.7787607793037368,0.6826014053018205
1,5,2239,559,,,tcga_mc3,smoking_ever,binary,locked_uga_sbs_id_exposure,0.7779144043436601,0.7120808048546791
1,1,2238,560,,,tcga_mc3,smoking_ever,binary,standard_sbs_exposure,0.7620071684587812,0.6780963759458383
1,2,2238,560,,,tcga_mc3,smoking_ever,binary,standard_sbs_exposure,0.7771325209444021,0.7169332317847169
1,3,2238,560,,,tcga_mc3,smoking_ever,binary,standard_sbs_exposure,0.784510662604722,0.7276275704493527
1,4,2239,559,,,tcga_mc3,smoking_ever,binary,standard_sbs_exposure,0.789364420312999,0.7066033216224847
1,5,2239,559,,,tcga_mc3,smoking_ever,binary,standard_sbs_exposure,0.7807250079846693,0.6979000319386777
1,1,2238,560,,,tcga_mc3,smoking_ever,binary,standard_sbs_id_exposure,0.7925288729589804,0.7158900836320191
1,2,2238,560,,,tcga_mc3,smoking_ever,binary,standard_sbs_id_exposure,0.7688023610053314,0.698940086316324
1,3,2238,560,,,tcga_mc3,smoking_ever,binary,standard_sbs_id_exposure,0.7745462046204621,0.6867859862909368
1,4,2239,559,,,tcga_mc3,smoking_ever,binary,standard_sbs_id_exposure,0.777004152028106,0.7018763973171511
1,5,2239,559,,,tcga_mc3,smoking_ever,binary,standard_sbs_id_exposure,0.7455445544554455,0.6788486106675183
